-- MySQL dump 10.13  Distrib 5.7.26, for Linux (x86_64)
--
-- Host: localhost    Database: galate
-- ------------------------------------------------------
-- Server version	5.7.26-0ubuntu0.16.04.1

/*!40101 SET @OLD_CHARACTER_SET_CLIENT=@@CHARACTER_SET_CLIENT */;
/*!40101 SET @OLD_CHARACTER_SET_RESULTS=@@CHARACTER_SET_RESULTS */;
/*!40101 SET @OLD_COLLATION_CONNECTION=@@COLLATION_CONNECTION */;
/*!40101 SET NAMES utf8 */;
/*!40103 SET @OLD_TIME_ZONE=@@TIME_ZONE */;
/*!40103 SET TIME_ZONE='+00:00' */;
/*!40014 SET @OLD_UNIQUE_CHECKS=@@UNIQUE_CHECKS, UNIQUE_CHECKS=0 */;
/*!40014 SET @OLD_FOREIGN_KEY_CHECKS=@@FOREIGN_KEY_CHECKS, FOREIGN_KEY_CHECKS=0 */;
/*!40101 SET @OLD_SQL_MODE=@@SQL_MODE, SQL_MODE='NO_AUTO_VALUE_ON_ZERO' */;
/*!40111 SET @OLD_SQL_NOTES=@@SQL_NOTES, SQL_NOTES=0 */;

--
-- Table structure for table `answer`
--

DROP TABLE IF EXISTS `answer`;
/*!40101 SET @saved_cs_client     = @@character_set_client */;
/*!40101 SET character_set_client = utf8 */;
CREATE TABLE `answer` (
  `id` int(11) NOT NULL AUTO_INCREMENT,
  `id_question` int(11) DEFAULT NULL,
  `value` varchar(255) DEFAULT NULL,
  `name` varchar(255) DEFAULT NULL,
  `ordre` bigint(20) DEFAULT NULL,
  PRIMARY KEY (`id`),
  KEY `id_question` (`id_question`),
  CONSTRAINT `answer_ibfk_1` FOREIGN KEY (`id_question`) REFERENCES `question` (`id`)
) ENGINE=InnoDB AUTO_INCREMENT=1387 DEFAULT CHARSET=utf8mb4;
/*!40101 SET character_set_client = @saved_cs_client */;

--
-- Dumping data for table `answer`
--

LOCK TABLES `answer` WRITE;
/*!40000 ALTER TABLE `answer` DISABLE KEYS */;
INSERT INTO `answer` VALUES (1,1,'1','Dymanique',1),(2,1,'1','Energique',2),(3,2,'1','Amical',1),(4,2,'1','Actif',2),(105,98,'1','Dynamique',1),(106,98,'1','Energique',2),(107,99,'1','Amical',1),(108,99,'1','Actif',2),(109,100,'1','Poétique',1),(110,100,'1','Vital',2),(111,101,'1','Diplomate',1),(112,101,'1','Remuant',2),(113,102,'1','Sûr de soi',1),(114,102,'1','Vigoureux',2),(115,103,'1','Sérieux',1),(116,103,'1','Robuste',2),(117,104,'1','Positif',1),(118,104,'1','Vif',2),(119,105,'1','Sincére',1),(120,105,'1','Résistant',2),(121,106,'1','Créatif',1),(122,106,'1','Dynamique',2),(123,107,'1','Audacieux',1),(124,107,'1','Solide',2),(125,108,'1','Factuel',1),(126,108,'1','Agité',2),(127,109,'1','Audacieux',1),(128,109,'1','Dynamique',2),(129,110,'1','Actif',1),(130,110,'1','Sociable',2),(131,111,'1','Conciliant',1),(132,111,'1','Coopératif',2),(133,112,'1','Rusé',1),(134,112,'1','Solidaire',2),(135,113,'1','Assuré',1),(136,113,'1','Interdépendant',2),(137,114,'1','Prévoyant',1),(138,114,'1','Attentionné',2),(139,115,'1','Optimiste',1),(140,115,'1','Chaleureux',2),(141,116,'1','Fidèle',1),(142,116,'1','Groupal',2),(143,117,'1','Fantaisiste',1),(144,117,'1','Amical',2),(145,118,'1','Fonceur',1),(146,118,'1','Communicatif',2),(147,119,'1','Impartial',1),(148,119,'1','Aimable',2),(149,120,'1','Aidant',1),(150,120,'1','Conciliant',2),(151,121,'1','Vital',1),(152,121,'1','Affectif',2),(153,122,'1','Aimable',1),(154,122,'1','Sensible',2),(155,123,'1','Esthétique',1),(156,123,'1','Emotif',2),(157,124,'1','Malin',1),(158,124,'1','Romantique',2),(159,125,'1','Solide',1),(160,125,'1','Impressionnable',2),(161,126,'1','Réfléchi',1),(162,126,'1','Esthétique',2),(163,127,'1','Enjoué',1),(164,127,'1','Délicat',2),(165,128,'1','honnête',1),(166,128,'1','Tendre',2),(167,129,'1','Imaginatif',1),(168,129,'1','Sentimental',2),(169,130,'1','Aventureux',1),(170,130,'1','Poétique',2),(171,131,'1','Raisonnable',1),(172,131,'1','Sensible',2),(173,132,'1','Commpatissant',1),(174,132,'1','Affectif',2),(175,133,'1','Remuant',1),(176,133,'1','Habile',2),(177,134,'1','Communicatif',1),(178,134,'1','Adroit',2),(179,135,'1','Tendre',1),(180,135,'1','Diplomate',2),(181,136,'1','Négociateur',1),(182,136,'1','Tacticien',2),(183,137,'1','Equilibré',1),(184,137,'1','Adaptable',2),(185,138,'1','Précis',1),(186,138,'1','Rusé',2),(187,139,'1','Content de vivre',1),(188,139,'1','Négociateur',2),(189,140,'1','Droit',1),(190,140,'1','Stratège',2),(191,141,'1','Idéaliste',1),(192,141,'1','Malin',2),(193,142,'1','Indépendant',1),(194,142,'1','Diplomate',2),(195,143,'1','Rationnel',1),(196,143,'1','Subtil',2),(197,144,'1','Complaisant',1),(198,144,'1','Facilitateur',2),(199,145,'1','Vigoureux',1),(200,145,'1','Assué',2),(201,146,'1','Groupal',1),(202,146,'1','Serein',2),(203,147,'1','Sensible',1),(204,147,'1','Détendu',2),(205,148,'1','Subil',1),(206,148,'1','A l\'aise',2),(207,149,'1','Tranquille',1),(208,149,'1','Sûr de soi',2),(209,150,'1','Avisé',1),(210,150,'1','Tranquille',2),(211,151,'1','Insouciant',1),(212,151,'1','Confiant',2),(213,152,'1','Probe',1),(214,152,'1','Content de soi',2),(215,153,'1','Inventif',1),(216,153,'1','Equilibré',2),(217,154,'1','Hardi',1),(218,154,'1','Solide',2),(219,155,'1','Esprit d\'analyse',1),(220,155,'1','Assuré',2),(221,156,'1','Altruiste',1),(222,156,'1','Assuré',2),(223,157,'1','Robuste',1),(224,157,'1','Prudent',2),(225,158,'1','Sociable',1),(226,158,'1','Réfléchi',2),(227,159,'1','Affectif',1),(228,159,'1','Sérieux',2),(229,160,'1','Adroit',1),(230,160,'1','Méthodique',2),(231,161,'1','Content de soi',1),(232,161,'1','Vigilant',2),(233,162,'1','Sensé',1),(234,162,'1','Mesuré',2),(235,163,'1','Bon vivant',1),(236,163,'1','Avisé',2),(237,164,'1','Transparent',1),(238,164,'1','Logique',2),(239,165,'1','Ingénieux',1),(240,165,'1','Prévoyant',2),(241,166,'1','Téméraire',1),(242,166,'1','Sensé',2),(243,167,'1','Esprit critique',1),(244,167,'1','Précis',2),(245,168,'1','tolérant',1),(246,168,'1','Prudent',2),(247,169,'1','Vif',1),(248,169,'1','Joyeux',2),(249,170,'1','Attentionné',1),(250,170,'1','Positif',2),(251,171,'1','Délicat',1),(252,171,'1','Jovial',2),(253,172,'1','Diplomate',1),(254,172,'1','Enjoué',2),(255,173,'1','Serein',1),(256,173,'1','Bon vivant',2),(257,174,'1','Vigilant',1),(258,174,'1','Content de vivre',2),(259,175,'1','Joyeux',1),(260,175,'1','Insouciant',2),(261,176,'1','Loyal',1),(262,176,'1','Optimiste',2),(263,177,'1','Intuitif',1),(264,177,'1','Imprévoyant',2),(265,178,'1','Décidé',1),(266,178,'1','Heureux',2),(267,179,'1','Objectif',1),(268,179,'1','Jovial',2),(269,180,'1','Compréhensif',1),(270,180,'1','Insoucieux',2),(271,181,'1','Résistant',1),(272,181,'1','Loyal',2),(273,182,'1','Interdépendant',1),(274,182,'1','Sincére',2),(275,183,'1','Impresionnable',1),(276,183,'1','Honnête',2),(277,184,'1','Habile',1),(278,184,'1','Droit',2),(279,185,'1','Détendu',1),(280,185,'1','Franc',2),(281,186,'1','Prudent',1),(282,186,'1','Vrai',2),(283,187,'1','Jovial',1),(284,187,'1','Fidéle',2),(285,188,'1','Vrai',1),(286,188,'1','Intègre',2),(287,189,'1','Futuriste',1),(288,189,'1','Authentique',2),(289,190,'1','Déterminé',1),(290,190,'1','Probe',2),(291,191,'1','Equitable',1),(292,191,'1','Transparent',2),(293,192,'1','Généreux',1),(294,192,'1','Sincère',2),(295,193,'1','Dynamique',1),(296,193,'1','Fantaisiste',2),(297,194,'1','Chaleureux',1),(298,194,'1','Inventif',2),(299,195,'1','Romantique',1),(300,195,'1','Imaginatif',2),(301,196,'1','Adaptable',1),(302,196,'1','Idéaliste',2),(303,197,'1','Confiant',1),(304,197,'1','Innovant',2),(305,198,'1','Mesuré',1),(306,198,'1','Ingénieux',2),(307,199,'1','Heureux',1),(308,199,'1','Intuitif',2),(309,200,'1','Franc',1),(310,200,'1','Futuriste',2),(311,201,'1','Original',1),(312,201,'1','Inventif',2),(313,202,'1','Entreprenant',1),(314,202,'1','Original',2),(315,203,'1','Sans affect',1),(316,203,'1','Curieux',2),(317,204,'1','charitable',1),(318,204,'1','Créatif',2),(319,205,'1','Solide',1),(320,205,'1','Entreprenant',2),(321,206,'1','Solidaire',1),(322,206,'1','Audacieux',2),(323,207,'1','Emotif',1),(324,207,'1','Courageux',2),(325,208,'1','Tacticien',1),(326,208,'1','Aventureux',2),(327,209,'1','Assuré',1),(328,209,'1','Résolu',2),(329,210,'1','Logique',1),(330,210,'1','Indépendant',2),(331,211,'1','Imprévoyant',1),(332,211,'1','Intrépide',2),(333,212,'1','Authentique',1),(334,212,'1','Décidé',2),(335,213,'1','Curieux',1),(336,213,'1','Déterminé',2),(337,214,'1','Résolu',1),(338,214,'1','Téméraire',2),(339,215,'1','Non influençable ',1),(340,215,'1','Hardi',2),(341,216,'1','Respectueux',1),(342,216,'1','Fonceur',2),(343,217,'1','Agité',1),(344,217,'1','Impartial',2),(345,218,'1','Collectif',1),(346,218,'1','Juste',2),(347,219,'1','Sentimental',1),(348,219,'1','Equitable',2),(349,220,'1','Stratège ',1),(350,220,'1','Objectif',2),(351,221,'1','A l\' aise',1),(352,221,'1','Esprit d\'analyse',2),(353,222,'1','Méthodique',1),(354,222,'1','Esprit critique',2),(355,223,'1','Insoucieux',1),(356,223,'1','Sans affect',2),(357,224,'1','Intègre',1),(358,224,'1','Rationnel',2),(359,225,'1','Futuriste',1),(360,225,'1','Non influençable',2),(361,226,'1','Courageux',1),(362,226,'1','Raisonnable',2),(363,227,'1','Juste',1),(364,227,'1','Factuel',2),(365,228,'1','Emphatique',1),(366,228,'1','Objectif',2),(367,229,'1','Energique',1),(368,229,'1','Bienveillant',2),(369,230,'1','Sociable',1),(370,230,'1','Emphatique',2),(371,231,'1','Affectif',1),(372,231,'1','Respectueux',2),(373,232,'1','Facilitateur',1),(374,232,'1','Charitable',2),(375,233,'1','Détendu',1),(376,233,'1','Généreux',2),(377,234,'1','Réfléchi',1),(378,234,'1','Compréhensif',2),(379,235,'1','Joyeux',1),(380,235,'1','Tolérant',2),(381,236,'1','Sincère',1),(382,236,'1','Altruiste',2),(383,237,'1','Innovant',1),(384,237,'1','Compatissant',2),(385,238,'1','Intrépide',1),(386,238,'1','Complaisant',2),(387,239,'1','Rationnel',1),(388,239,'1','Aidant',2),(389,240,'1','Bienveillant',1),(390,240,'1','Indulgent',2),(401,245,'1','Sentimental',1),(402,245,'1','Collectif',2),(439,264,'1','Aidant',1),(440,264,'2','Conciliant  ',2),(441,265,'1','calme',1),(442,265,'2','amical   ',2),(471,280,'1','Convaincant',1),(472,280,'2','Leader',2),(473,281,'1','Cordial',1),(474,281,'2','Ambitieux',2),(475,282,'1','Spontané',1),(476,282,'2','Charismatique',2),(477,283,'1','Sans souci',1),(478,283,'2','Influent',2),(479,284,'1','Vivant',1),(480,284,'2','Performant',2),(481,285,'1','Raisonnable',1),(482,285,'2','Crédible',2),(483,286,'1','Poli',1),(484,286,'2','Entraineur',2),(485,287,'1','Impressionnable ',1),(486,287,'2','Meneur',2),(487,288,'1','Bâtisseur',1),(488,288,'2','Manageur',2),(489,289,'1','Solide',1),(490,289,'2','Animateur',2),(491,290,'1','Objectif',1),(492,290,'2','Séduisant',2),(493,291,'1','Accommodant',1),(494,291,'2','Responsable',2),(495,292,'1','Insoumis',1),(496,292,'2','Captivant',2),(497,293,'1','Equilibré',1),(498,293,'2','Fascinant',2),(499,294,'1','Créatif',1),(500,294,'2','Convaincant',2),(501,295,'1','Fascinant',1),(502,295,'2','Serviable',2),(503,296,'1','Liant',1),(504,296,'2','Gentil',2),(505,297,'1','Naturel',1),(506,297,'2','Mondain',2),(507,298,'1','Frivole',1),(508,298,'2','Sociable',2),(509,299,'1','Ardent',1),(510,299,'2','Collectif',2),(511,300,'1','Posé',1),(512,300,'2','Solidaire',2),(513,301,'1','Souple',1),(514,301,'2','Coopératif',2),(515,302,'1','Sensitif',1),(516,302,'2','Chaleureux',2),(517,303,'1','Proactif',1),(518,303,'2','Attentionné',2),(519,304,'1','Affirmé',1),(520,304,'2','Aimable',2),(521,305,'1','Scrupuleux',1),(522,305,'2','Communicatif',2),(523,306,'1','Respectueux',1),(524,306,'2','Affable',2),(525,307,'1','Rebelle',1),(526,307,'2','Avenant',2),(527,308,'1','Maître de soi ',1),(528,308,'2','Liant',2),(529,309,'1','Inventif',1),(530,309,'2','Cordial',2),(531,310,'1','Captivant',1),(532,310,'2','Moral',2),(533,311,'1','Avenant',1),(534,311,'2','Intègre',2),(535,312,'1','Pur',1),(536,312,'2','Probe',2),(537,313,'1','Euphorique',1),(538,313,'2','Loyal',2),(539,314,'1','Vaillant',1),(540,314,'2','Honnête',2),(541,315,'1','Précis',1),(542,315,'2','Authentique',2),(543,316,'1','Conciliant',1),(544,316,'2','Sincère',2),(545,317,'1','Emotionnable',1),(546,317,'2','Droit',2),(547,318,'1','Entrepreneur',1),(548,318,'2','Franc',2),(549,319,'1','Content de soi',1),(550,319,'2','Vrai',2),(551,320,'1','Neutre ',1),(552,320,'2','Transparent',2),(553,321,'1','Complaisant',1),(554,321,'2','Direct',2),(555,322,'1','Désobéissant',1),(556,322,'2','Pur',2),(557,323,'1','Stable',1),(558,323,'2','Naturel',2),(559,324,'1','Ingénieux',1),(560,324,'2','Spontané',2),(561,325,'1','Responsable',1),(562,325,'2','Enthousiaste',2),(563,326,'1','Affable',1),(564,326,'2','Satisfait',2),(565,327,'1','Direct',1),(566,327,'2','Content',2),(567,328,'1','Heureux',1),(568,328,'2','Optimiste',2),(569,329,'1','Vigoureux',1),(570,329,'2','Joyeux',2),(571,330,'1','Logique',1),(572,330,'2','Jovial',2),(573,331,'1','Courtois',1),(574,331,'2','Enjoué ',2),(575,332,'1','Hypersensible ',1),(576,332,'2','Bon vivant',2),(577,333,'1','Conquérant',1),(578,333,'2','Insouciant',2),(579,334,'1','Convaincu',1),(580,334,'2','Imprévoyant',2),(581,335,'1','Non influençable',1),(582,335,'2','Positif',2),(583,336,'1','Compatissant',1),(584,336,'2','Heureux',2),(585,337,'1','Récalcitrant',1),(586,337,'2','Euphorique',2),(587,338,'1','Calme',1),(588,338,'2','Frivole',2),(589,339,'1','Innovateur',1),(590,339,'2','Sans souci',2),(591,340,'1','Séduisant',1),(592,340,'2','Tonique',2),(593,341,'1','Communicatif',1),(594,341,'2','Surexcité',2),(595,342,'1','Transparent',1),(596,342,'2','Agité',2),(597,343,'1','Positif',1),(598,343,'2','Energique',2),(599,344,'1','Puissant',1),(600,344,'2','Dynamique',2),(601,345,'1','Attentif',1),(602,345,'2','Actif',2),(603,346,'1','Malin',1),(604,346,'2','Vif',2),(605,347,'1','Susceptible',1),(606,347,'2','Remuant',2),(607,348,'1','Initiateur',1),(608,348,'2','Résistant',2),(609,349,'1','Equilibré',1),(610,349,'2','Robuste',2),(611,350,'1','Rationnel',1),(612,350,'2','Puissant',2),(613,351,'1','Altruiste',1),(614,351,'2','Vigoureux',2),(615,352,'1','Anticonformiste',1),(616,352,'2','Vaillant',2),(617,353,'1','Tranquille',1),(618,353,'2','Ardent',2),(619,354,'1','Imaginatif',1),(620,354,'2','Vivant',2),(621,355,'1','Animateur',1),(622,355,'2','Sceptique',2),(623,356,'1','Aimable',1),(624,356,'2','Calculateur',2),(625,357,'1','Vrai',1),(626,357,'2','Circonspect',2),(627,358,'1','Imprévoyant',1),(628,358,'2','Pondéré',2),(629,359,'1','Robuste',1),(630,359,'2','Réfléchi',2),(631,360,'1','Prévoyant',1),(632,360,'2','Sérieux',2),(633,361,'1','Tacticien',1),(634,361,'2','Méthodique',2),(635,362,'1','Sentimental',1),(636,362,'2','Vigilant',2),(637,363,'1','Promoteur',1),(638,363,'2','Prudent',2),(639,364,'1','Tranquille',1),(640,364,'2','Prévoyant',2),(641,365,'1','Détaché',1),(642,365,'2','Attentif',2),(643,366,'1','Tolérant',1),(644,366,'2','Logique',2),(645,367,'1','Mutin',1),(646,367,'2','Précis',2),(647,368,'1','Patient',1),(648,368,'2','Posé',2),(649,369,'1','Curieux',1),(650,369,'2','Raisonnable',2),(651,370,'1','Manager',1),(652,370,'2','Astucieux',2),(653,371,'1','Attentionné',1),(654,371,'2','Politique',2),(655,372,'1','Franc',1),(656,372,'2','Intrigant',2),(657,373,'1','Insouciant',1),(658,373,'2','Habile',2),(659,374,'1','Résistant',1),(660,374,'2','Diplomate',2),(661,375,'1','Prudent',1),(662,375,'2','Rusé',2),(663,376,'1','Négociateur',1),(664,376,'2','Adroit',2),(665,377,'1','Romantique',1),(666,377,'2','Stratège',2),(667,378,'1','Déterminé',1),(668,378,'2','Négociateur',2),(669,379,'1','À l\'aise',1),(670,379,'2','Tacticien',2),(671,380,'1','Esprit critique',1),(672,380,'2','Malin',2),(673,381,'1','Compréhensif',1),(674,381,'2','Courtois',2),(675,382,'1','Rétif',1),(676,382,'2','Conciliant',2),(677,383,'1','Mesuré',1),(678,383,'2','Souple',2),(679,384,'1','Intuitif',1),(680,384,'2','Poli',2),(681,385,'1','Meneur',1),(682,385,'2','Fragile',2),(683,386,'1','Chaleureux ',1),(684,386,'2','Emotionnel',2),(685,387,'1','Droit',1),(686,387,'2','Raffiné',2),(687,388,'1','Bon vivant',1),(688,388,'2','Tendre',2),(689,389,'1','Remuant',1),(690,389,'2','Sensible',2),(691,390,'1','Vigilant',1),(692,390,'2','Affectif',2),(693,391,'1','Stratège',1),(694,391,'2','Emotif',2),(695,392,'1','Fragile',1),(696,392,'2','Vulnérable ',2),(697,393,'1','Décidé',1),(698,393,'2','Romantique ',2),(699,394,'1','Détendu',1),(700,394,'2','Sentimental',2),(701,395,'1','Esprit d\'analyse',1),(702,395,'2','Susceptible',2),(703,396,'1','Généreux',1),(704,396,'2','Hypersensible ',2),(705,397,'1','Frondeur',1),(706,397,'2','Emotionnable',2),(707,398,'1','Détendu',1),(708,398,'2','Sensitif',2),(709,399,'1','Original',1),(710,399,'2','Impressionnable',2),(711,400,'1','Entraineur',1),(712,400,'2','Courageux',2),(713,401,'1','Coopératif ',1),(714,401,'2','Goût du risque',2),(715,402,'1','Sincère',1),(716,402,'2','Baroudeur',2),(717,403,'1','Enjoué',1),(718,403,'2','Entreprenant',2),(719,404,'1','Vif',1),(720,404,'2','Audacieux',2),(721,405,'1','Méthodique',1),(722,405,'2','Instigateur',2),(723,406,'1','Adroit',1),(724,406,'2','Incitateur',2),(725,407,'1','Vulnérable',1),(726,407,'2','Décidé',2),(727,408,'1','Incitateur',1),(728,408,'2','Déterminé',2),(729,409,'1','Serein',1),(730,409,'2','Promoteur',2),(731,410,'1','Factuel',1),(732,410,'2','Initiateur',2),(733,411,'1','Charitable',1),(734,411,'2','Conquérant',2),(735,412,'1','Contestataire',1),(736,412,'2','Entrepreneur',2),(737,413,'1','Impassible',1),(738,413,'2','Proactif',2),(739,414,'1','Fantaisiste',1),(740,414,'2','Bâtisseur',2),(741,415,'1','Crédible',1),(742,415,'2','Fier ',2),(743,416,'1','Solidaire',1),(744,416,'2','Orgueilleux',2),(745,417,'1','Authentique ',1),(746,417,'2','Auto-satisfait',2),(747,418,'1','Jovial',1),(748,418,'2','Assuré',2),(749,419,'1','Actif',1),(750,419,'2','Confiant',2),(751,420,'1','Sérieux',1),(752,420,'2','Sûr de soi',2),(753,421,'1','Rusé',1),(754,421,'2','Serein',2),(755,422,'1','Emotif',1),(756,422,'2','Détendu',2),(757,423,'1','Instigateur',1),(758,423,'2','À l\'aise',2),(759,424,'1','Sûr de soi',1),(760,424,'2','Tranquille ',2),(761,425,'1','Equitable',1),(762,425,'2','Equilibré',2),(763,426,'1','Indulgent',1),(764,426,'2','Convaincu',2),(765,427,'1','Opposant',1),(766,427,'2','Content de soi',2),(767,428,'1','Imperturbable',1),(768,428,'2','Affirmé',2),(769,429,'1','Fécond',1),(770,429,'2','Solide',2),(771,430,'1','Performant',1),(772,430,'2','Inflexible',2),(773,431,'1','Collectif',1),(774,431,'2','Implacable',2),(775,432,'1','Honnête',1),(776,432,'2','Rigoureux',2),(777,433,'1','Joyeux',1),(778,433,'2','Impartial',2),(779,434,'1','Dynamique',1),(780,434,'2','Juste',2),(781,435,'1','Réfléchi',1),(782,435,'2','Equitable',2),(783,436,'1','Diplomate',1),(784,436,'2','Factuel',2),(785,437,'1','Affectif',1),(786,437,'2','Esprit d\'analyse',2),(787,438,'1','Audacieux',1),(788,438,'2','Esprit critique',2),(789,439,'1','Confiant',1),(790,439,'2','Détaché',2),(791,440,'1','Juste',1),(792,440,'2','Rationnel',2),(793,441,'1','Humain',1),(794,441,'2','Non influençable',2),(795,442,'1','Insubordonné',1),(796,442,'2','Neutre',2),(797,443,'1','Placide',1),(798,443,'2','Scrupuleux',2),(799,444,'1','Débrouillard',1),(800,444,'2','Objectif',2),(801,445,'1','Influent',1),(802,445,'2','Clément',2),(803,446,'1','Sociable',1),(804,446,'2','Magnanime',2),(805,447,'1','Loyal',1),(806,447,'2','Acceptant',2),(807,448,'1','Optimiste',1),(808,448,'2','Bienveillant',2),(809,449,'1','Energique',1),(810,449,'2','Humain',2),(811,450,'1','Pondéré',1),(812,450,'2','Indulgent ',2),(813,451,'1','Habile',1),(814,451,'2','Charitable',2),(815,452,'1','Sensible',1),(816,452,'2','Généreux',2),(817,453,'1','Entreprenant',1),(818,453,'2','Compréhensif',2),(819,454,'1','Assuré',1),(820,454,'2','Tolérant',2),(821,455,'1','Impartial',1),(822,455,'2','Altruiste',2),(823,456,'1','Bienveillant',1),(824,456,'2','Compatissant',2),(825,457,'1','Indiscipliné',1),(826,457,'2','Complaisant',2),(827,458,'1','Stoïque',1),(828,458,'2','Respectueux',2),(829,459,'1','Astucieux',1),(830,459,'2','Accommodant',2),(831,460,'1','Charismatique',1),(832,460,'2','Libre',2),(833,461,'1','Mondain',1),(834,461,'2','Indépendant',2),(835,462,'1','Probe',1),(836,462,'2','Dissident',2),(837,463,'1','Content',1),(838,463,'2','Indiscipliné',2),(839,464,'1','Agité',1),(840,464,'2','Insubordonné',2),(841,465,'1','Circonspect',1),(842,465,'2','Opposant',2),(843,466,'1','Intrigant',1),(844,466,'2','Contestataire',2),(845,467,'1','Tendre',1),(846,467,'2','Frondeur',2),(847,468,'1','Baroudeur',1),(848,468,'2','Rétif',2),(849,469,'1','Auto-satisfait',1),(850,469,'2','Mutin ',2),(851,470,'1','Rigoureux',1),(852,470,'2','Anticonformiste',2),(853,471,'1','Acceptant',1),(854,471,'2','Récalcitrant',2),(855,472,'1','Dissident',1),(856,472,'2','Désobéissant',2),(857,473,'1','Flegmatique',1),(858,473,'2','Rebelle',2),(859,474,'1','Farfelu',1),(860,474,'2','Insoumis',2),(861,475,'1','Ambitieux',1),(862,475,'2','Indifférent',2),(863,476,'1','Gentil',1),(864,476,'2','Contrôlé',2),(865,477,'1','Intègre',1),(866,477,'2','Flegmatique',2),(867,478,'1','Satisfait',1),(868,478,'2','Stoïque',2),(869,479,'1','Surexcité',1),(870,479,'2','Placide',2),(871,480,'1','Calculateur',1),(872,480,'2','Imperturbable',2),(873,481,'1','Politique',1),(874,481,'2','Impassible',2),(875,482,'1','Raffiné',1),(876,482,'2','Détendu',2),(877,483,'1','Goût du risque',1),(878,483,'2','Mesuré',2),(879,484,'1','Orgueilleux',1),(880,484,'2','Patient',2),(881,485,'1','Implacable',1),(882,485,'2','Tranquille',2),(883,486,'1','Magnanime',1),(884,486,'2','Calme',2),(885,487,'1','Indépendant',1),(886,487,'2','Stable',2),(887,488,'1','Contrôlé',1),(888,488,'2','Maître de soi',2),(889,489,'1','Excentrique',1),(890,489,'2','Equilibré',2),(891,490,'1','Leader',1),(892,490,'2','Fantasque',2),(893,491,'1','Serviable',1),(894,491,'2','Excentrique',2),(895,492,'1','Moral',1),(896,492,'2','Farfelu',2),(897,493,'1','Enthousiaste',1),(898,493,'2','Astucieux',2),(899,494,'1','Tonique',1),(900,494,'2','Débrouillard',2),(901,495,'1','Sceptique',1),(902,495,'2','Fécond',2),(903,496,'1','Astucieux',1),(904,496,'2','Fantaisiste',2),(905,497,'1','Emotionnel',1),(906,497,'2','Original',2),(907,498,'1','Courageux',1),(908,498,'2','Intuitif',2),(909,499,'1','Fier',1),(910,499,'2','Curieux',2),(911,500,'1','Inflexible',1),(912,500,'2','Imaginatif',2),(913,501,'1','Clément',1),(914,501,'2','Innovateur',2),(915,502,'1','Libre',1),(916,502,'2','Ingénieux',2),(917,503,'1','Indifférent',1),(918,503,'2','Inventif',2),(919,504,'1','Fantasque',1),(920,504,'2','Créatif',2),(937,513,'1','Convaincant',1),(938,513,'2','Leader',2),(939,514,'1','Cordial',1),(940,514,'2','Ambitieux',2),(941,515,'1','Spontané',1),(942,515,'2','Charismatique',2),(943,516,'1','Sans souci',1),(944,516,'2','Influent',2),(945,517,'1','Vivant',1),(946,517,'2','Performant',2),(947,518,'1','Raisonnable',1),(948,518,'2','Crédible',2),(949,519,'1','Poli',1),(950,519,'2','Entraineur',2),(951,520,'1','Impressionnable ',1),(952,520,'2','Meneur',2),(953,521,'1','Bâtisseur',1),(954,521,'2','Manageur',2),(955,522,'1','Solide',1),(956,522,'2','Animateur',2),(957,523,'1','Objectif',1),(958,523,'2','Séduisant',2),(959,524,'1','Accommodant',1),(960,524,'2','Responsable',2),(961,525,'1','Insoumis',1),(962,525,'2','Captivant',2),(963,526,'1','Equilibré',1),(964,526,'2','Fascinant',2),(965,527,'1','Créatif',1),(966,527,'2','Convaincant',2),(967,528,'1','Fascinant',1),(968,528,'2','Serviable',2),(969,529,'1','Liant',1),(970,529,'2','Gentil',2),(971,530,'1','Naturel',1),(972,530,'2','Mondain',2),(973,531,'1','Frivole',1),(974,531,'2','Sociable',2),(975,532,'1','Ardent',1),(976,532,'2','Collectif',2),(977,533,'1','Posé',1),(978,533,'2','Solidaire',2),(979,534,'1','Souple',1),(980,534,'2','Coopératif',2),(981,535,'1','Sensitif',1),(982,535,'2','Chaleureux',2),(983,536,'1','Proactif',1),(984,536,'2','Attentionné',2),(985,537,'1','Affirmé',1),(986,537,'2','Aimable',2),(987,538,'1','Scrupuleux',1),(988,538,'2','Communicatif',2),(989,539,'1','Respectueux',1),(990,539,'2','Affable',2),(991,540,'1','Rebelle',1),(992,540,'2','Avenant',2),(993,541,'1','Maître de soi ',1),(994,541,'2','Liant',2),(995,542,'1','Inventif',1),(996,542,'2','Cordial',2),(997,543,'1','Captivant',1),(998,543,'2','Moral',2),(999,544,'1','Avenant',1),(1000,544,'2','Intègre',2),(1001,545,'1','Pur',1),(1002,545,'2','Probe',2),(1003,546,'1','Euphorique',1),(1004,546,'2','Loyal',2),(1005,547,'1','Vaillant',1),(1006,547,'2','Honnête',2),(1007,548,'1','Précis',1),(1008,548,'2','Authentique',2),(1009,549,'1','Conciliant',1),(1010,549,'2','Sincère',2),(1011,550,'1','Emotionnable',1),(1012,550,'2','Droit',2),(1013,551,'1','Entrepreneur',1),(1014,551,'2','Franc',2),(1015,552,'1','Content de soi',1),(1016,552,'2','Vrai',2),(1017,553,'1','Neutre ',1),(1018,553,'2','Transparent',2),(1019,554,'1','Complaisant',1),(1020,554,'2','Direct',2),(1021,555,'1','Désobéissant',1),(1022,555,'2','Pur',2),(1023,556,'1','Stable',1),(1024,556,'2','Naturel',2),(1025,557,'1','Ingénieux',1),(1026,557,'2','Spontané',2),(1027,558,'1','Responsable',1),(1028,558,'2','Enthousiaste',2),(1029,559,'1','Affable',1),(1030,559,'2','Satisfait',2),(1031,560,'1','Direct',1),(1032,560,'2','Content',2),(1033,561,'1','Heureux',1),(1034,561,'2','Optimiste',2),(1035,562,'1','Vigoureux',1),(1036,562,'2','Joyeux',2),(1037,563,'1','Logique',1),(1038,563,'2','Jovial',2),(1039,564,'1','Courtois',1),(1040,564,'2','Enjoué ',2),(1041,565,'1','Hypersensible ',1),(1042,565,'2','Bon vivant',2),(1043,566,'1','Conquérant',1),(1044,566,'2','Insouciant',2),(1045,567,'1','Convaincu',1),(1046,567,'2','Imprévoyant',2),(1047,568,'1','Non influençable',1),(1048,568,'2','Positif',2),(1049,569,'1','Compatissant',1),(1050,569,'2','Heureux',2),(1051,570,'1','Récalcitrant',1),(1052,570,'2','Euphorique',2),(1053,571,'1','Calme',1),(1054,571,'2','Frivole',2),(1055,572,'1','Innovateur',1),(1056,572,'2','Sans souci',2),(1057,573,'1','Séduisant',1),(1058,573,'2','Tonique',2),(1059,574,'1','Communicatif',1),(1060,574,'2','Surexcité',2),(1061,575,'1','Transparent',1),(1062,575,'2','Agité',2),(1063,576,'1','Positif',1),(1064,576,'2','Energique',2),(1065,577,'1','Puissant',1),(1066,577,'2','Dynamique',2),(1067,578,'1','Attentif',1),(1068,578,'2','Actif',2),(1069,579,'1','Malin',1),(1070,579,'2','Vif',2),(1071,580,'1','Susceptible',1),(1072,580,'2','Remuant',2),(1073,581,'1','Initiateur',1),(1074,581,'2','Résistant',2),(1075,582,'1','Equilibré',1),(1076,582,'2','Robuste',2),(1077,583,'1','Rationnel',1),(1078,583,'2','Puissant',2),(1079,584,'1','Altruiste',1),(1080,584,'2','Vigoureux',2),(1081,585,'1','Anticonformiste',1),(1082,585,'2','Vaillant',2),(1083,586,'1','Tranquille',1),(1084,586,'2','Ardent',2),(1085,587,'1','Imaginatif',1),(1086,587,'2','Vivant',2),(1087,588,'1','Animateur',1),(1088,588,'2','Sceptique',2),(1089,589,'1','Aimable',1),(1090,589,'2','Calculateur',2),(1091,590,'1','Vrai',1),(1092,590,'2','Circonspect',2),(1093,591,'1','Imprévoyant',1),(1094,591,'2','Pondéré',2),(1095,592,'1','Robuste',1),(1096,592,'2','Réfléchi',2),(1097,593,'1','Prévoyant',1),(1098,593,'2','Sérieux',2),(1099,594,'1','Tacticien',1),(1100,594,'2','Méthodique',2),(1101,595,'1','Sentimental',1),(1102,595,'2','Vigilant',2),(1103,596,'1','Promoteur',1),(1104,596,'2','Prudent',2),(1105,597,'1','Tranquille',1),(1106,597,'2','Prévoyant',2),(1107,598,'1','Détaché',1),(1108,598,'2','Attentif',2),(1109,599,'1','Tolérant',1),(1110,599,'2','Logique',2),(1111,600,'1','Mutin',1),(1112,600,'2','Précis',2),(1113,601,'1','Patient',1),(1114,601,'2','Posé',2),(1115,602,'1','Curieux',1),(1116,602,'2','Raisonnable',2),(1117,603,'1','Manager',1),(1118,603,'2','Astucieux',2),(1119,604,'1','Attentionné',1),(1120,604,'2','Politique',2),(1121,605,'1','Franc',1),(1122,605,'2','Intrigant',2),(1123,606,'1','Insouciant',1),(1124,606,'2','Habile',2),(1125,607,'1','Résistant',1),(1126,607,'2','Diplomate',2),(1127,608,'1','Prudent',1),(1128,608,'2','Rusé',2),(1129,609,'1','Négociateur',1),(1130,609,'2','Adroit',2),(1131,610,'1','Romantique',1),(1132,610,'2','Stratège',2),(1133,611,'1','Déterminé',1),(1134,611,'2','Négociateur',2),(1135,612,'1','À l\'aise',1),(1136,612,'2','Tacticien',2),(1137,613,'1','Esprit critique',1),(1138,613,'2','Malin',2),(1139,614,'1','Compréhensif',1),(1140,614,'2','Courtois',2),(1141,615,'1','Rétif',1),(1142,615,'2','Conciliant',2),(1143,616,'1','Mesuré',1),(1144,616,'2','Souple',2),(1145,617,'1','Intuitif',1),(1146,617,'2','Poli',2),(1147,618,'1','Meneur',1),(1148,618,'2','Fragile',2),(1149,619,'1','Chaleureux ',1),(1150,619,'2','Emotionnel',2),(1151,620,'1','Droit',1),(1152,620,'2','Raffiné',2),(1153,621,'1','Bon vivant',1),(1154,621,'2','Tendre',2),(1155,622,'1','Remuant',1),(1156,622,'2','Sensible',2),(1157,623,'1','Vigilant',1),(1158,623,'2','Affectif',2),(1159,624,'1','Stratège',1),(1160,624,'2','Emotif',2),(1161,625,'1','Fragile',1),(1162,625,'2','Vulnérable ',2),(1163,626,'1','Décidé',1),(1164,626,'2','Romantique ',2),(1165,627,'1','Détendu',1),(1166,627,'2','Sentimental',2),(1167,628,'1','Esprit d\'analyse',1),(1168,628,'2','Susceptible',2),(1169,629,'1','Généreux',1),(1170,629,'2','Hypersensible ',2),(1171,630,'1','Frondeur',1),(1172,630,'2','Emotionnable',2),(1173,631,'1','Détendu',1),(1174,631,'2','Sensitif',2),(1175,632,'1','Original',1),(1176,632,'2','Impressionnable',2),(1177,633,'1','Entraineur',1),(1178,633,'2','Courageux',2),(1179,634,'1','Coopératif ',1),(1180,634,'2','Goût du risque',2),(1181,635,'1','Sincère',1),(1182,635,'2','Baroudeur',2),(1183,636,'1','Enjoué',1),(1184,636,'2','Entreprenant',2),(1185,637,'1','Vif',1),(1186,637,'2','Audacieux',2),(1187,638,'1','Méthodique',1),(1188,638,'2','Instigateur',2),(1189,639,'1','Adroit',1),(1190,639,'2','Incitateur',2),(1191,640,'1','Vulnérable',1),(1192,640,'2','Décidé',2),(1193,641,'1','Incitateur',1),(1194,641,'2','Déterminé',2),(1195,642,'1','Serein',1),(1196,642,'2','Promoteur',2),(1197,643,'1','Factuel',1),(1198,643,'2','Initiateur',2),(1199,644,'1','Charitable',1),(1200,644,'2','Conquérant',2),(1201,645,'1','Contestataire',1),(1202,645,'2','Entrepreneur',2),(1203,646,'1','Impassible',1),(1204,646,'2','Proactif',2),(1205,647,'1','Fantaisiste',1),(1206,647,'2','Bâtisseur',2),(1207,648,'1','Crédible',1),(1208,648,'2','Fier ',2),(1209,649,'1','Solidaire',1),(1210,649,'2','Orgueilleux',2),(1211,650,'1','Authentique ',1),(1212,650,'2','Auto-satisfait',2),(1213,651,'1','Jovial',1),(1214,651,'2','Assuré',2),(1215,652,'1','Actif',1),(1216,652,'2','Confiant',2),(1217,653,'1','Sérieux',1),(1218,653,'2','Sûr de soi',2),(1219,654,'1','Rusé',1),(1220,654,'2','Serein',2),(1221,655,'1','Emotif',1),(1222,655,'2','Détendu',2),(1223,656,'1','Instigateur',1),(1224,656,'2','À l\'aise',2),(1225,657,'1','Sûr de soi',1),(1226,657,'2','Tranquille ',2),(1227,658,'1','Equitable',1),(1228,658,'2','Equilibré',2),(1229,659,'1','Indulgent',1),(1230,659,'2','Convaincu',2),(1231,660,'1','Opposant',1),(1232,660,'2','Content de soi',2),(1233,661,'1','Imperturbable',1),(1234,661,'2','Affirmé',2),(1235,662,'1','Fécond',1),(1236,662,'2','Solide',2),(1237,663,'1','Performant',1),(1238,663,'2','Inflexible',2),(1239,664,'1','Collectif',1),(1240,664,'2','Implacable',2),(1241,665,'1','Honnête',1),(1242,665,'2','Rigoureux',2),(1243,666,'1','Joyeux',1),(1244,666,'2','Impartial',2),(1245,667,'1','Dynamique',1),(1246,667,'2','Juste',2),(1247,668,'1','Réfléchi',1),(1248,668,'2','Equitable',2),(1249,669,'1','Diplomate',1),(1250,669,'2','Factuel',2),(1251,670,'1','Affectif',1),(1252,670,'2','Esprit d\'analyse',2),(1253,671,'1','Audacieux',1),(1254,671,'2','Esprit critique',2),(1255,672,'1','Confiant',1),(1256,672,'2','Détaché',2),(1257,673,'1','Juste',1),(1258,673,'2','Rationnel',2),(1259,674,'1','Humain',1),(1260,674,'2','Non influençable',2),(1261,675,'1','Insubordonné',1),(1262,675,'2','Neutre',2),(1263,676,'1','Placide',1),(1264,676,'2','Scrupuleux',2),(1265,677,'1','Débrouillard',1),(1266,677,'2','Objectif',2),(1267,678,'1','Influent',1),(1268,678,'2','Clément',2),(1269,679,'1','Sociable',1),(1270,679,'2','Magnanime',2),(1271,680,'1','Loyal',1),(1272,680,'2','Acceptant',2),(1273,681,'1','Optimiste',1),(1274,681,'2','Bienveillant',2),(1275,682,'1','Energique',1),(1276,682,'2','Humain',2),(1277,683,'1','Pondéré',1),(1278,683,'2','Indulgent ',2),(1279,684,'1','Habile',1),(1280,684,'2','Charitable',2),(1281,685,'1','Sensible',1),(1282,685,'2','Généreux',2),(1283,686,'1','Entreprenant',1),(1284,686,'2','Compréhensif',2),(1285,687,'1','Assuré',1),(1286,687,'2','Tolérant',2),(1287,688,'1','Impartial',1),(1288,688,'2','Altruiste',2),(1289,689,'1','Bienveillant',1),(1290,689,'2','Compatissant',2),(1291,690,'1','Indiscipliné',1),(1292,690,'2','Complaisant',2),(1293,691,'1','Stoïque',1),(1294,691,'2','Respectueux',2),(1295,692,'1','Astucieux',1),(1296,692,'2','Accommodant',2),(1297,693,'1','Charismatique',1),(1298,693,'2','Libre',2),(1299,694,'1','Mondain',1),(1300,694,'2','Indépendant',2),(1301,695,'1','Probe',1),(1302,695,'2','Dissident',2),(1303,696,'1','Content',1),(1304,696,'2','Indiscipliné',2),(1305,697,'1','Agité',1),(1306,697,'2','Insubordonné',2),(1307,698,'1','Circonspect',1),(1308,698,'2','Opposant',2),(1309,699,'1','Intrigant',1),(1310,699,'2','Contestataire',2),(1311,700,'1','Tendre',1),(1312,700,'2','Frondeur',2),(1313,701,'1','Baroudeur',1),(1314,701,'2','Rétif',2),(1315,702,'1','Auto-satisfait',1),(1316,702,'2','Mutin ',2),(1317,703,'1','Rigoureux',1),(1318,703,'2','Anticonformiste',2),(1319,704,'1','Acceptant',1),(1320,704,'2','Récalcitrant',2),(1321,705,'1','Dissident',1),(1322,705,'2','Désobéissant',2),(1323,706,'1','Flegmatique',1),(1324,706,'2','Rebelle',2),(1325,707,'1','Farfelu',1),(1326,707,'2','Insoumis',2),(1327,708,'1','Ambitieux',1),(1328,708,'2','Indifférent',2),(1329,709,'1','Gentil',1),(1330,709,'2','Contrôlé',2),(1331,710,'1','Intègre',1),(1332,710,'2','Flegmatique',2),(1333,711,'1','Satisfait',1),(1334,711,'2','Stoïque',2),(1335,712,'1','Surexcité',1),(1336,712,'2','Placide',2),(1337,713,'1','Calculateur',1),(1338,713,'2','Imperturbable',2),(1339,714,'1','Politique',1),(1340,714,'2','Impassible',2),(1341,715,'1','Raffiné',1),(1342,715,'2','Détendu',2),(1343,716,'1','Goût du risque',1),(1344,716,'2','Mesuré',2),(1345,717,'1','Orgueilleux',1),(1346,717,'2','Patient',2),(1347,718,'1','Implacable',1),(1348,718,'2','Tranquille',2),(1349,719,'1','Magnanime',1),(1350,719,'2','Calme',2),(1351,720,'1','Indépendant',1),(1352,720,'2','Stable',2),(1353,721,'1','Contrôlé',1),(1354,721,'2','Maître de soi',2),(1355,722,'1','Excentrique',1),(1356,722,'2','Equilibré',2),(1357,723,'1','Leader',1),(1358,723,'2','Fantasque',2),(1359,724,'1','Serviable',1),(1360,724,'2','Excentrique',2),(1361,725,'1','Moral',1),(1362,725,'2','Farfelu',2),(1363,726,'1','Enthousiaste',1),(1364,726,'2','Astucieux',2),(1365,727,'1','Tonique',1),(1366,727,'2','Débrouillard',2),(1367,728,'1','Sceptique',1),(1368,728,'2','Fécond',2),(1369,729,'1','Astucieux',1),(1370,729,'2','Fantaisiste',2),(1371,730,'1','Emotionnel',1),(1372,730,'2','Original',2),(1373,731,'1','Courageux',1),(1374,731,'2','Intuitif',2),(1375,732,'1','Fier',1),(1376,732,'2','Curieux',2),(1377,733,'1','Inflexible',1),(1378,733,'2','Imaginatif',2),(1379,734,'1','Clément',1),(1380,734,'2','Innovateur',2),(1381,735,'1','Libre',1),(1382,735,'2','Ingénieux',2),(1383,736,'1','Indifférent',1),(1384,736,'2','Inventif',2),(1385,737,'1','Fantasque',1),(1386,737,'2','Créatif',2);
/*!40000 ALTER TABLE `answer` ENABLE KEYS */;
UNLOCK TABLES;

--
-- Table structure for table `category`
--

DROP TABLE IF EXISTS `category`;
/*!40101 SET @saved_cs_client     = @@character_set_client */;
/*!40101 SET character_set_client = utf8 */;
CREATE TABLE `category` (
  `id` int(11) NOT NULL AUTO_INCREMENT,
  `name` varchar(255) DEFAULT NULL,
  `subcategories_number` int(11) DEFAULT NULL,
  `ordre` int(11) DEFAULT NULL,
  `ordre2` int(11) DEFAULT NULL,
  PRIMARY KEY (`id`)
) ENGINE=InnoDB AUTO_INCREMENT=24 DEFAULT CHARSET=utf8mb4;
/*!40101 SET character_set_client = @saved_cs_client */;

--
-- Dumping data for table `category`
--

LOCK TABLES `category` WRITE;
/*!40000 ALTER TABLE `category` DISABLE KEYS */;
INSERT INTO `category` VALUES (1,'Direction',3,NULL,NULL),(2,'Relation',2,NULL,NULL),(3,'Action',3,NULL,NULL),(4,'Distanciation',2,NULL,NULL),(5,'Intériorisation',3,NULL,NULL),(6,'Communication',15,1,6),(18,'Relation',15,2,4),(19,'Action',15,3,1),(20,'Distanciation',15,4,2),(21,'Intériorisation',15,5,3);
/*!40000 ALTER TABLE `category` ENABLE KEYS */;
UNLOCK TABLES;

--
-- Table structure for table `choice_member`
--

DROP TABLE IF EXISTS `choice_member`;
/*!40101 SET @saved_cs_client     = @@character_set_client */;
/*!40101 SET character_set_client = utf8 */;
CREATE TABLE `choice_member` (
  `id` int(11) NOT NULL AUTO_INCREMENT,
  `id_question` int(11) DEFAULT NULL,
  `id_answer` int(11) DEFAULT NULL,
  `id_test_member` int(11) DEFAULT NULL,
  PRIMARY KEY (`id`),
  KEY `id_question` (`id_question`),
  KEY `id_answer` (`id_answer`),
  KEY `id_test_member` (`id_test_member`),
  CONSTRAINT `choice_member_ibfk_1` FOREIGN KEY (`id_question`) REFERENCES `question` (`id`),
  CONSTRAINT `choice_member_ibfk_2` FOREIGN KEY (`id_answer`) REFERENCES `answer` (`id`),
  CONSTRAINT `choice_member_ibfk_3` FOREIGN KEY (`id_test_member`) REFERENCES `test_member` (`id`)
) ENGINE=InnoDB AUTO_INCREMENT=132452 DEFAULT CHARSET=utf8mb4;
/*!40101 SET character_set_client = @saved_cs_client */;

--
-- Dumping data for table `choice_member`
--

LOCK TABLES `choice_member` WRITE;
/*!40000 ALTER TABLE `choice_member` DISABLE KEYS */;
INSERT INTO `choice_member` VALUES (124919,280,472,414),(124920,281,474,414),(124921,282,476,414),(124922,295,501,414),(124923,296,503,414),(124924,297,505,414),(124925,298,508,414),(124926,299,510,414),(124927,300,512,414),(124928,301,514,414),(124929,302,515,414),(124930,303,517,414),(124931,283,478,414),(124932,284,480,414),(124933,285,481,414),(124934,286,483,414),(124935,288,487,414),(124936,289,490,414),(124937,287,485,414),(124938,290,492,414),(124939,291,494,414),(124940,292,495,414),(124941,293,497,414),(124942,294,499,414),(124943,304,519,414),(124944,305,521,414),(124945,306,523,414),(124946,307,526,414),(124947,308,528,414),(124948,309,530,414),(124949,326,564,414),(124950,325,562,414),(124951,327,566,414),(124952,328,568,414),(124953,329,569,414),(124954,310,532,414),(124955,311,534,414),(124956,312,535,414),(124957,313,537,414),(124958,315,541,414),(124959,316,543,414),(124960,317,546,414),(124961,314,539,414),(124962,318,548,414),(124963,320,552,414),(124964,319,550,414),(124965,321,554,414),(124966,322,556,414),(124967,323,557,414),(124968,324,559,414),(124969,330,571,414),(124970,331,573,414),(124971,332,575,414),(124972,333,577,414),(124973,334,579,414),(124974,335,581,414),(124975,336,583,414),(124976,337,586,414),(124977,338,588,414),(124978,339,590,414),(124979,355,622,414),(124980,356,624,414),(124981,357,626,414),(124982,358,627,414),(124983,359,629,414),(124984,360,631,414),(124985,361,633,414),(124986,362,635,414),(124987,363,638,414),(124988,364,640,414),(124989,365,642,414),(124990,366,644,414),(124991,367,645,414),(124992,368,647,414),(124993,369,649,414),(124994,354,620,414),(124995,353,618,414),(124996,352,616,414),(124997,351,613,414),(124998,350,611,414),(124999,349,609,414),(125000,348,607,414),(125001,347,605,414),(125002,346,604,414),(125003,344,600,414),(125004,343,598,414),(125005,345,602,414),(125006,341,593,414),(125007,340,591,414),(125008,342,595,414),(125009,370,652,414),(125010,371,654,414),(125011,372,655,414),(125012,373,657,414),(125013,374,659,414),(125014,375,661,414),(125015,376,664,414),(125016,377,666,414),(125017,378,668,414),(125018,379,670,414),(125019,381,673,414),(125020,382,675,414),(125021,380,671,414),(125022,383,678,414),(125023,384,680,414),(125024,399,709,414),(125025,398,707,414),(125026,397,705,414),(125027,396,704,414),(125028,395,702,414),(125029,394,700,414),(125030,393,698,414),(125031,392,695,414),(125032,391,693,414),(125033,390,691,414),(125034,389,690,414),(125035,388,688,414),(125036,387,686,414),(125037,386,683,414),(125038,385,681,414),(125039,415,742,414),(125040,416,744,414),(125041,417,745,414),(125042,418,747,414),(125043,419,749,414),(125044,420,751,414),(125045,421,754,414),(125046,422,756,414),(125047,423,758,414),(125048,424,760,414),(125049,425,761,414),(125050,426,763,414),(125051,427,765,414),(125052,429,769,414),(125053,428,767,414),(125054,414,740,414),(125055,413,738,414),(125056,411,733,414),(125057,412,736,414),(125058,410,731,414),(125059,409,729,414),(125060,408,727,414),(125061,407,726,414),(125062,406,724,414),(125063,405,722,414),(125064,404,719,414),(125065,403,717,414),(125066,402,715,414),(125067,401,714,414),(125068,400,712,414),(125069,430,772,414),(125070,431,774,414),(125071,432,776,414),(125072,433,777,414),(125073,434,779,414),(125074,435,781,414),(125075,436,784,414),(125076,437,786,414),(125077,438,788,414),(125078,439,790,414),(125079,440,792,414),(125080,441,793,414),(125081,442,795,414),(125082,443,797,414),(125083,444,799,414),(125084,459,829,414),(125085,458,827,414),(125086,457,825,414),(125087,456,824,414),(125088,455,822,414),(125089,454,820,414),(125090,453,817,414),(125091,452,815,414),(125092,451,813,414),(125093,450,812,414),(125094,449,810,414),(125095,447,805,414),(125096,446,803,414),(125097,445,801,414),(125098,448,808,414),(125099,475,862,414),(125100,476,864,414),(125101,477,866,414),(125102,478,868,414),(125103,479,869,414),(125104,480,871,414),(125105,481,873,414),(125106,483,877,414),(125107,482,875,414),(125108,484,879,414),(125109,485,882,414),(125110,486,884,414),(125111,487,886,414),(125112,488,888,414),(125113,489,890,414),(125114,474,860,414),(125115,473,858,414),(125116,470,852,414),(125117,471,854,414),(125118,472,856,414),(125119,469,849,414),(125120,468,847,414),(125121,467,845,414),(125122,466,843,414),(125123,465,841,414),(125124,464,839,414),(125125,463,838,414),(125126,462,836,414),(125127,461,834,414),(125128,460,832,414),(125129,490,892,414),(125130,491,894,414),(125131,492,896,414),(125132,493,897,414),(125133,494,899,414),(125134,495,901,414),(125135,496,903,414),(125136,497,906,414),(125137,498,908,414),(125138,499,910,414),(125139,500,912,414),(125140,501,913,414),(125141,502,915,414),(125142,503,917,414),(125143,504,919,414),(125288,98,105,415),(125289,99,107,415),(125290,100,110,415),(125291,101,112,415),(125292,102,114,415),(125293,103,115,415),(125294,104,117,415),(125295,105,120,415),(125296,106,122,415),(125297,107,124,415),(125298,108,126,415),(125299,109,127,415),(125300,110,129,415),(125301,111,131,415),(125302,245,401,415),(125303,112,134,415),(125304,113,136,415),(125305,114,138,415),(125306,115,139,415),(125307,116,141,415),(125308,117,143,415),(125309,118,145,415),(125310,119,148,415),(125311,120,150,415),(125312,133,176,415),(125313,134,178,415),(125314,135,180,415),(125315,136,181,415),(125316,137,183,415),(125317,138,185,415),(125318,139,187,415),(125319,140,189,415),(125320,141,191,415),(125321,142,194,415),(125322,143,196,415),(125323,144,198,415),(125324,132,174,415),(125325,131,172,415),(125326,130,169,415),(125327,129,167,415),(125328,128,165,415),(125329,127,164,415),(125330,126,162,415),(125331,125,160,415),(125332,124,157,415),(125333,123,155,415),(125334,122,153,415),(125335,121,151,415),(125336,145,200,415),(125337,146,202,415),(125338,147,204,415),(125339,148,205,415),(125340,157,223,415),(125341,159,227,415),(125342,158,225,415),(125343,160,230,415),(125344,161,232,415),(125345,162,234,415),(125346,163,236,415),(125347,165,239,415),(125348,164,237,415),(125349,166,241,415),(125350,167,243,415),(125351,168,246,415),(125352,156,222,415),(125353,154,217,415),(125354,153,215,415),(125355,152,213,415),(125356,151,212,415),(125357,150,210,415),(125358,149,208,415),(125359,169,248,415),(125360,171,252,415),(125361,170,250,415),(125362,172,253,415),(125363,173,255,415),(125364,174,257,415),(125365,175,260,415),(125366,176,262,415),(125367,177,264,415),(125368,178,266,415),(125369,181,271,415),(125370,182,273,415),(125371,183,276,415),(125372,184,278,415),(125373,185,280,415),(125374,186,282,415),(125375,187,283,415),(125376,188,285,415),(125377,189,287,415),(125378,190,290,415),(125379,191,292,415),(125380,192,294,415),(125381,180,270,415),(125382,179,267,415),(125383,193,296,415),(125384,194,298,415),(125385,195,300,415),(125386,196,301,415),(125387,197,304,415),(125388,205,319,415),(125389,206,321,415),(125390,207,324,415),(125391,208,326,415),(125392,209,327,415),(125393,210,329,415),(125394,211,331,415),(125395,212,334,415),(125396,213,336,415),(125397,214,338,415),(125398,215,339,415),(125399,216,341,415),(125400,204,318,415),(125401,203,316,415),(125402,202,313,415),(125403,201,311,415),(125404,200,309,415),(125405,199,307,415),(125406,198,306,415),(125407,217,344,415),(125408,218,346,415),(125409,219,348,415),(125410,220,349,415),(125411,221,351,415),(125412,222,353,415),(125413,223,355,415),(125414,224,358,415),(125415,225,360,415),(125416,226,362,415),(125417,227,363,415),(125418,229,367,415),(125419,230,369,415),(125420,231,372,415),(125421,232,374,415),(125422,233,376,415),(125423,234,378,415),(125424,235,379,415),(125425,236,381,415),(125426,237,383,415),(125427,238,385,415),(125428,239,388,415),(125429,240,390,415),(125430,228,366,415),(125431,155,219,415),(125720,99,108,416),(125721,98,106,416),(125722,100,109,416),(125723,101,111,416),(125724,102,113,416),(125725,103,115,416),(125726,104,117,416),(125727,105,120,416),(125728,106,122,416),(125729,110,129,416),(125730,111,131,416),(125731,245,401,416),(125732,112,134,416),(125733,113,136,416),(125734,114,138,416),(125735,115,140,416),(125736,116,141,416),(125737,117,143,416),(125738,118,145,416),(125739,119,147,416),(125740,120,149,416),(125741,107,124,416),(125742,108,126,416),(125743,109,128,416),(125744,122,154,416),(125745,121,152,416),(125746,123,155,416),(125747,124,157,416),(125748,125,159,416),(125749,126,161,416),(125750,127,163,416),(125751,128,166,416),(125752,133,175,416),(125753,134,177,416),(125754,135,179,416),(125755,136,182,416),(125756,137,184,416),(125757,138,186,416),(125758,139,188,416),(125759,140,190,416),(125760,141,191,416),(125761,142,193,416),(125762,144,197,416),(125763,143,195,416),(125764,129,168,416),(125765,130,170,416),(125766,131,171,416),(125767,132,173,416),(125768,157,224,416),(125769,158,226,416),(125770,159,228,416),(125771,160,229,416),(125772,161,231,416),(125773,162,233,416),(125774,163,235,416),(125775,164,237,416),(125776,165,240,416),(125777,166,242,416),(125778,167,244,416),(125779,168,246,416),(125780,156,222,416),(125781,155,220,416),(125782,154,217,416),(125783,153,215,416),(125784,152,213,416),(125785,151,211,416),(125786,150,210,416),(125787,149,208,416),(125788,148,206,416),(125789,147,204,416),(125790,146,202,416),(125791,145,199,416),(125792,169,248,416),(125793,170,250,416),(125794,171,252,416),(125795,172,253,416),(125796,173,255,416),(125797,174,257,416),(125798,175,260,416),(125799,176,262,416),(125800,177,264,416),(125801,178,265,416),(125802,179,267,416),(125803,180,269,416),(125804,181,271,416),(125805,182,273,416),(125806,183,275,416),(125807,184,278,416),(125808,185,280,416),(125809,186,282,416),(125810,187,284,416),(125811,188,285,416),(125812,189,287,416),(125813,190,289,416),(125814,191,292,416),(125815,192,294,416),(125816,193,296,416),(125817,194,298,416),(125818,195,300,416),(125819,196,301,416),(125820,205,319,416),(125821,206,321,416),(125822,207,323,416),(125823,208,326,416),(125824,209,328,416),(125825,210,330,416),(125826,211,332,416),(125827,212,334,416),(125828,213,335,416),(125829,214,337,416),(125830,215,339,416),(125831,216,341,416),(125832,203,316,416),(125833,204,318,416),(125834,202,314,416),(125835,200,309,416),(125836,201,311,416),(125837,199,307,416),(125838,198,305,416),(125839,197,303,416),(125840,217,344,416),(125841,218,346,416),(125842,219,348,416),(125843,220,349,416),(125844,221,351,416),(125845,222,353,416),(125846,223,355,416),(125847,224,357,416),(125848,229,368,416),(125849,230,370,416),(125850,231,372,416),(125851,232,373,416),(125852,233,375,416),(125853,234,377,416),(125854,235,379,416),(125855,236,382,416),(125856,237,384,416),(125857,239,388,416),(125858,240,390,416),(125859,238,386,416),(125860,228,366,416),(125861,227,364,416),(125862,226,361,416),(125863,225,359,416),(125864,99,108,416),(125865,98,106,416),(125866,100,109,416),(125867,101,111,416),(125868,102,113,416),(125869,103,115,416),(125870,104,117,416),(125871,105,120,416),(125872,106,122,416),(125873,110,129,416),(125874,111,131,416),(125875,245,401,416),(125876,112,134,416),(125877,113,136,416),(125878,114,138,416),(125879,115,140,416),(125880,116,141,416),(125881,117,143,416),(125882,118,145,416),(125883,119,147,416),(125884,120,149,416),(125885,107,124,416),(125886,108,126,416),(125887,109,128,416),(125888,122,154,416),(125889,121,152,416),(125890,123,155,416),(125891,124,157,416),(125892,125,159,416),(125893,126,161,416),(125894,127,163,416),(125895,128,166,416),(125896,133,175,416),(125897,134,177,416),(125898,135,179,416),(125899,136,182,416),(125900,137,184,416),(125901,138,186,416),(125902,139,188,416),(125903,140,190,416),(125904,141,191,416),(125905,142,193,416),(125906,144,197,416),(125907,143,195,416),(125908,129,168,416),(125909,130,170,416),(125910,131,171,416),(125911,132,173,416),(125912,157,224,416),(125913,158,226,416),(125914,159,228,416),(125915,160,229,416),(125916,161,231,416),(125917,162,233,416),(125918,163,235,416),(125919,164,237,416),(125920,165,240,416),(125921,166,242,416),(125922,167,244,416),(125923,168,246,416),(125924,156,222,416),(125925,155,220,416),(125926,154,217,416),(125927,153,215,416),(125928,152,213,416),(125929,151,211,416),(125930,150,210,416),(125931,149,208,416),(125932,148,206,416),(125933,147,204,416),(125934,146,202,416),(125935,145,199,416),(125936,169,248,416),(125937,170,250,416),(125938,171,252,416),(125939,172,253,416),(125940,173,255,416),(125941,174,257,416),(125942,175,260,416),(125943,176,262,416),(125944,177,264,416),(125945,178,265,416),(125946,179,267,416),(125947,180,269,416),(125948,181,271,416),(125949,182,273,416),(125950,183,275,416),(125951,184,278,416),(125952,185,280,416),(125953,186,282,416),(125954,187,284,416),(125955,188,285,416),(125956,189,287,416),(125957,190,289,416),(125958,191,292,416),(125959,192,294,416),(125960,193,296,416),(125961,194,298,416),(125962,195,300,416),(125963,196,301,416),(125964,205,319,416),(125965,206,321,416),(125966,207,323,416),(125967,208,326,416),(125968,209,328,416),(125969,210,330,416),(125970,211,332,416),(125971,212,334,416),(125972,213,335,416),(125973,214,337,416),(125974,215,339,416),(125975,216,341,416),(125976,203,316,416),(125977,204,318,416),(125978,202,314,416),(125979,200,309,416),(125980,201,311,416),(125981,199,307,416),(125982,198,305,416),(125983,197,303,416),(125984,217,344,416),(125985,218,346,416),(125986,219,348,416),(125987,220,349,416),(125988,221,351,416),(125989,222,353,416),(125990,223,355,416),(125991,224,357,416),(125992,229,368,416),(125993,230,370,416),(125994,231,372,416),(125995,232,373,416),(125996,233,375,416),(125997,234,377,416),(125998,235,379,416),(125999,236,382,416),(126000,237,384,416),(126001,239,388,416),(126002,240,390,416),(126003,238,386,416),(126004,228,366,416),(126005,227,364,416),(126006,226,361,416),(126007,225,359,416),(126008,98,106,417),(126009,99,108,417),(126010,100,110,417),(126011,101,112,417),(126012,102,114,417),(126013,103,116,417),(126014,104,118,417),(126015,105,120,417),(126016,106,122,417),(126017,107,124,417),(126018,108,126,417),(126019,109,128,417),(126020,110,130,417),(126021,111,132,417),(126022,245,402,417),(126023,112,134,417),(126024,113,136,417),(126025,114,138,417),(126026,115,140,417),(126027,116,142,417),(126028,117,144,417),(126029,118,146,417),(126030,119,148,417),(126031,120,150,417),(126032,121,152,417),(126033,122,154,417),(126034,123,156,417),(126035,124,158,417),(126036,125,160,417),(126037,126,162,417),(126038,127,164,417),(126039,128,166,417),(126040,129,168,417),(126041,130,170,417),(126042,131,172,417),(126043,132,174,417),(126044,133,176,417),(126045,134,178,417),(126046,135,180,417),(126047,136,182,417),(126048,137,184,417),(126049,138,186,417),(126050,139,188,417),(126051,140,190,417),(126052,141,192,417),(126053,142,194,417),(126054,143,196,417),(126055,144,198,417),(126056,145,200,417),(126057,146,202,417),(126058,147,204,417),(126059,148,206,417),(126060,149,208,417),(126061,150,210,417),(126062,151,212,417),(126063,152,214,417),(126064,153,216,417),(126065,154,218,417),(126066,155,220,417),(126067,156,222,417),(126068,157,224,417),(126069,158,226,417),(126070,159,228,417),(126071,160,230,417),(126072,161,232,417),(126073,162,234,417),(126074,163,236,417),(126075,164,238,417),(126076,165,240,417),(126077,166,242,417),(126078,167,244,417),(126079,168,246,417),(126080,169,248,417),(126081,170,250,417),(126082,171,252,417),(126083,172,254,417),(126084,173,256,417),(126085,174,258,417),(126086,175,260,417),(126087,176,262,417),(126088,177,264,417),(126089,178,266,417),(126090,179,268,417),(126091,180,270,417),(126092,181,272,417),(126093,182,274,417),(126094,183,276,417),(126095,184,278,417),(126096,185,280,417),(126097,186,282,417),(126098,187,284,417),(126099,188,286,417),(126100,189,288,417),(126101,190,290,417),(126102,191,292,417),(126103,192,294,417),(126104,193,296,417),(126105,194,298,417),(126106,195,300,417),(126107,196,302,417),(126108,197,304,417),(126109,198,306,417),(126110,199,308,417),(126111,200,310,417),(126112,201,312,417),(126113,202,314,417),(126114,203,316,417),(126115,204,318,417),(126116,205,320,417),(126117,206,322,417),(126118,207,324,417),(126119,208,326,417),(126120,209,328,417),(126121,210,330,417),(126122,211,332,417),(126123,212,334,417),(126124,213,336,417),(126125,214,338,417),(126126,215,340,417),(126127,216,342,417),(126128,217,344,417),(126129,218,346,417),(126130,219,348,417),(126131,220,350,417),(126132,221,352,417),(126133,222,354,417),(126134,223,356,417),(126135,224,358,417),(126136,225,360,417),(126137,226,362,417),(126138,227,364,417),(126139,228,366,417),(126140,229,368,417),(126141,230,370,417),(126142,231,372,417),(126143,232,374,417),(126144,233,376,417),(126145,234,378,417),(126146,235,380,417),(126147,236,382,417),(126148,237,384,417),(126149,238,386,417),(126150,239,388,417),(126151,240,390,417),(126377,280,471,418),(126378,281,473,418),(126379,282,475,418),(126380,283,478,418),(126381,284,480,418),(126382,285,482,418),(126383,286,483,418),(126384,287,485,418),(126385,288,487,418),(126386,289,490,418),(126387,290,492,418),(126388,291,494,418),(126389,292,495,418),(126390,293,497,418),(126391,294,499,418),(126392,295,502,418),(126393,296,504,418),(126394,297,505,418),(126395,298,507,418),(126396,299,510,418),(126397,300,512,418),(126398,301,514,418),(126399,302,515,418),(126400,303,517,418),(126401,304,519,418),(126402,305,521,418),(126403,306,523,418),(126404,307,526,418),(126405,308,528,418),(126406,309,530,418),(126407,310,531,418),(126408,311,533,418),(126409,312,535,418),(126410,313,537,418),(126411,314,540,418),(126412,315,542,418),(126413,316,544,418),(126414,317,546,418),(126415,318,548,418),(126416,319,550,418),(126417,320,552,418),(126418,321,554,418),(126419,322,555,418),(126420,323,557,418),(126421,324,559,418),(126422,325,561,418),(126423,326,564,418),(126424,327,566,418),(126425,328,568,418),(126426,329,569,418),(126427,330,571,418),(126428,331,573,418),(126429,332,575,418),(126430,333,578,418),(126431,334,580,418),(126432,335,582,418),(126433,336,584,418),(126434,337,585,418),(126435,338,587,418),(126436,339,589,418),(126437,340,591,418),(126438,341,593,418),(126439,342,595,418),(126440,343,597,418),(126441,344,600,418),(126442,345,602,418),(126443,346,604,418),(126444,347,605,418),(126445,348,607,418),(126446,349,609,418),(126447,350,612,418),(126448,351,614,418),(126449,352,616,418),(126450,353,617,418),(126451,354,620,418),(126452,355,622,418),(126453,356,624,418),(126454,357,625,418),(126455,358,627,418),(126456,359,630,418),(126457,360,632,418),(126458,361,633,418),(126459,362,635,418),(126460,363,638,418),(126461,364,640,418),(126462,365,642,418),(126463,366,644,418),(126464,367,646,418),(126465,368,647,418),(126466,369,649,418),(126467,370,651,418),(126468,371,653,418),(126469,372,655,418),(126470,373,657,418),(126471,374,660,418),(126472,375,662,418),(126473,376,664,418),(126474,377,666,418),(126475,378,667,418),(126476,379,669,418),(126477,380,672,418),(126478,381,673,418),(126479,382,675,418),(126480,383,678,418),(126481,384,680,418),(126482,385,681,418),(126483,386,683,418),(126484,387,686,418),(126485,388,688,418),(126486,389,690,418),(126487,390,692,418),(126488,391,693,418),(126489,392,695,418),(126490,393,697,418),(126491,394,699,418),(126492,395,701,418),(126493,396,704,418),(126494,397,706,418),(126495,398,708,418),(126496,399,710,418),(126497,400,711,418),(126498,401,713,418),(126499,402,715,418),(126500,403,717,418),(126501,404,720,418),(126502,405,722,418),(126503,406,724,418),(126504,407,725,418),(126505,408,727,418),(126506,409,730,418),(126507,410,732,418),(126508,411,734,418),(126509,412,735,418),(126510,413,737,418),(126511,414,739,418),(126512,415,742,418),(126513,416,744,418),(126514,417,746,418),(126515,418,747,418),(126516,419,749,418),(126517,420,751,418),(126518,421,753,418),(126519,422,756,418),(126520,423,758,418),(126521,424,759,418),(126522,425,761,418),(126523,426,763,418),(126524,427,766,418),(126525,428,768,418),(126526,429,770,418),(126527,430,771,418),(126528,431,773,418),(126529,432,776,418),(126530,433,778,418),(126531,434,780,418),(126532,435,781,418),(126533,436,783,418),(126534,437,786,418),(126535,438,788,418),(126536,439,790,418),(126537,440,792,418),(126538,441,793,418),(126539,442,795,418),(126540,443,797,418),(126541,444,800,418),(126542,445,802,418),(126543,446,804,418),(126544,447,806,418),(126545,448,807,418),(126546,449,809,418),(126547,450,811,418),(126548,451,813,418),(126549,452,816,418),(126550,453,818,418),(126551,454,820,418),(126552,455,821,418),(126553,456,823,418),(126554,457,825,418),(126555,458,828,418),(126556,459,830,418),(126557,461,833,418),(126558,460,831,418),(126559,462,836,418),(126560,463,838,418),(126561,464,840,418),(126562,465,841,418),(126563,466,843,418),(126564,467,845,418),(126565,468,847,418),(126566,469,850,418),(126567,470,852,418),(126568,471,854,418),(126569,472,855,418),(126570,473,857,418),(126571,474,859,418),(126572,475,861,418),(126573,476,864,418),(126574,477,865,418),(126575,478,868,418),(126576,479,870,418),(126577,480,872,418),(126578,481,874,418),(126579,482,876,418),(126580,483,878,418),(126581,484,880,418),(126582,485,882,418),(126583,486,884,418),(126584,487,886,418),(126585,488,887,418),(126586,489,889,418),(126587,490,891,418),(126588,491,893,418),(126589,492,895,418),(126590,493,897,418),(126591,494,900,418),(126592,495,902,418),(126593,496,904,418),(126594,497,906,418),(126595,498,908,418),(126596,499,909,418),(126597,500,911,418),(126598,501,913,418),(126599,502,915,418),(126600,503,918,418),(126601,504,920,418),(126827,280,471,419),(126828,281,473,419),(126829,282,475,419),(126830,283,478,419),(126831,284,480,419),(126832,285,482,419),(126833,286,483,419),(126834,287,485,419),(126835,288,487,419),(126836,289,490,419),(126837,290,492,419),(126838,291,494,419),(126839,292,495,419),(126840,293,497,419),(126841,294,499,419),(126842,295,502,419),(126843,296,504,419),(126844,297,505,419),(126845,298,507,419),(126846,299,510,419),(126847,300,512,419),(126848,301,514,419),(126849,302,515,419),(126850,303,517,419),(126851,304,519,419),(126852,305,521,419),(126853,306,523,419),(126854,307,526,419),(126855,308,528,419),(126856,309,530,419),(126857,310,531,419),(126858,311,533,419),(126859,312,535,419),(126860,313,537,419),(126861,314,540,419),(126862,315,542,419),(126863,316,544,419),(126864,317,546,419),(126865,318,548,419),(126866,319,550,419),(126867,320,552,419),(126868,321,554,419),(126869,322,555,419),(126870,323,557,419),(126871,324,559,419),(126872,325,561,419),(126873,326,564,419),(126874,327,566,419),(126875,328,568,419),(126876,329,569,419),(126877,330,571,419),(126878,331,573,419),(126879,332,575,419),(126880,333,578,419),(126881,334,580,419),(126882,335,582,419),(126883,336,584,419),(126884,337,585,419),(126885,338,587,419),(126886,339,589,419),(126887,340,591,419),(126888,341,593,419),(126889,342,595,419),(126890,343,597,419),(126891,344,600,419),(126892,345,602,419),(126893,346,604,419),(126894,347,605,419),(126895,348,607,419),(126896,349,609,419),(126897,350,612,419),(126898,351,614,419),(126899,352,616,419),(126900,353,617,419),(126901,354,620,419),(126902,355,622,419),(126903,356,624,419),(126904,357,625,419),(126905,358,627,419),(126906,359,630,419),(126907,360,632,419),(126908,361,633,419),(126909,362,635,419),(126910,363,638,419),(126911,364,640,419),(126912,365,642,419),(126913,366,644,419),(126914,367,646,419),(126915,368,647,419),(126916,369,649,419),(126917,370,651,419),(126918,371,653,419),(126919,372,655,419),(126920,373,657,419),(126921,374,660,419),(126922,375,662,419),(126923,376,664,419),(126924,377,666,419),(126925,378,667,419),(126926,379,669,419),(126927,380,672,419),(126928,381,673,419),(126929,382,675,419),(126930,383,678,419),(126931,384,680,419),(126932,385,681,419),(126933,386,683,419),(126934,387,686,419),(126935,388,688,419),(126936,389,690,419),(126937,390,692,419),(126938,391,693,419),(126939,392,695,419),(126940,393,697,419),(126941,394,699,419),(126942,395,701,419),(126943,396,704,419),(126944,397,706,419),(126945,398,708,419),(126946,399,710,419),(126947,400,711,419),(126948,401,713,419),(126949,402,715,419),(126950,403,717,419),(126951,404,720,419),(126952,405,722,419),(126953,406,724,419),(126954,407,725,419),(126955,408,727,419),(126956,409,730,419),(126957,410,732,419),(126958,411,734,419),(126959,412,735,419),(126960,413,737,419),(126961,414,739,419),(126962,415,742,419),(126963,416,744,419),(126964,417,746,419),(126965,419,749,419),(126966,418,747,419),(126967,420,751,419),(126968,421,753,419),(126969,422,756,419),(126970,423,758,419),(126971,424,759,419),(126972,425,761,419),(126973,426,763,419),(126974,427,766,419),(126975,428,768,419),(126976,429,770,419),(126977,430,771,419),(126978,431,773,419),(126979,432,776,419),(126980,433,778,419),(126981,434,780,419),(126982,435,781,419),(126983,436,783,419),(126984,437,786,419),(126985,438,788,419),(126986,439,790,419),(126987,440,792,419),(126988,441,793,419),(126989,442,795,419),(126990,443,797,419),(126991,444,800,419),(126992,445,802,419),(126993,446,804,419),(126994,447,806,419),(126995,448,807,419),(126996,449,809,419),(126997,450,811,419),(126998,451,813,419),(126999,452,816,419),(127000,453,818,419),(127001,454,820,419),(127002,455,821,419),(127003,456,823,419),(127004,457,825,419),(127005,458,828,419),(127006,459,830,419),(127007,460,831,419),(127008,461,833,419),(127009,462,836,419),(127010,463,838,419),(127011,464,840,419),(127012,465,841,419),(127013,466,843,419),(127014,467,845,419),(127015,468,847,419),(127016,469,850,419),(127017,470,852,419),(127018,471,854,419),(127019,472,855,419),(127020,473,857,419),(127021,474,859,419),(127022,475,861,419),(127023,476,864,419),(127024,477,865,419),(127025,478,868,419),(127026,479,870,419),(127027,480,872,419),(127028,481,874,419),(127029,482,876,419),(127030,483,878,419),(127031,484,880,419),(127032,485,882,419),(127033,486,884,419),(127034,487,886,419),(127035,488,887,419),(127036,489,889,419),(127037,490,891,419),(127038,491,893,419),(127039,492,895,419),(127040,493,897,419),(127041,494,900,419),(127042,495,902,419),(127043,496,904,419),(127044,497,906,419),(127045,498,908,419),(127046,499,909,419),(127047,500,911,419),(127048,501,913,419),(127049,502,915,419),(127050,503,918,419),(127051,504,920,419),(127277,280,471,420),(127278,281,473,420),(127279,282,475,420),(127280,283,478,420),(127281,284,480,420),(127282,285,482,420),(127283,286,483,420),(127284,288,487,420),(127285,287,485,420),(127286,289,490,420),(127287,290,492,420),(127288,291,494,420),(127289,292,495,420),(127290,293,497,420),(127291,294,499,420),(127292,295,502,420),(127293,296,504,420),(127294,297,505,420),(127295,298,507,420),(127296,299,510,420),(127297,300,512,420),(127298,301,514,420),(127299,302,515,420),(127300,303,517,420),(127301,304,519,420),(127302,305,521,420),(127303,306,523,420),(127304,307,526,420),(127305,308,528,420),(127306,309,530,420),(127307,310,531,420),(127308,311,533,420),(127309,312,535,420),(127310,313,537,420),(127311,314,540,420),(127312,315,542,420),(127313,316,544,420),(127314,317,546,420),(127315,318,548,420),(127316,319,550,420),(127317,320,552,420),(127318,321,554,420),(127319,322,555,420),(127320,323,557,420),(127321,324,559,420),(127322,325,561,420),(127323,326,564,420),(127324,327,566,420),(127325,328,568,420),(127326,329,569,420),(127327,330,571,420),(127328,331,573,420),(127329,332,575,420),(127330,333,578,420),(127331,334,580,420),(127332,335,582,420),(127333,336,584,420),(127334,337,585,420),(127335,338,587,420),(127336,339,589,420),(127337,340,591,420),(127338,341,593,420),(127339,342,595,420),(127340,343,597,420),(127341,344,600,420),(127342,345,602,420),(127343,346,604,420),(127344,347,605,420),(127345,348,607,420),(127346,349,609,420),(127347,350,612,420),(127348,351,614,420),(127349,352,616,420),(127350,353,617,420),(127351,354,620,420),(127352,355,622,420),(127353,356,624,420),(127354,357,625,420),(127355,358,627,420),(127356,359,630,420),(127357,360,632,420),(127358,361,633,420),(127359,362,635,420),(127360,363,638,420),(127361,364,640,420),(127362,365,642,420),(127363,366,644,420),(127364,367,646,420),(127365,368,647,420),(127366,369,649,420),(127367,370,651,420),(127368,371,653,420),(127369,372,655,420),(127370,373,657,420),(127371,374,660,420),(127372,375,662,420),(127373,376,664,420),(127374,377,666,420),(127375,378,667,420),(127376,379,669,420),(127377,380,672,420),(127378,381,673,420),(127379,382,675,420),(127380,383,678,420),(127381,384,680,420),(127382,385,681,420),(127383,386,683,420),(127384,387,686,420),(127385,388,688,420),(127386,389,690,420),(127387,390,692,420),(127388,391,693,420),(127389,392,695,420),(127390,393,697,420),(127391,394,699,420),(127392,395,701,420),(127393,396,704,420),(127394,397,706,420),(127395,398,708,420),(127396,399,710,420),(127397,400,711,420),(127398,401,713,420),(127399,402,715,420),(127400,403,717,420),(127401,404,720,420),(127402,405,722,420),(127403,406,724,420),(127404,407,725,420),(127405,408,727,420),(127406,409,730,420),(127407,410,732,420),(127408,411,734,420),(127409,412,735,420),(127410,413,737,420),(127411,414,739,420),(127412,415,742,420),(127413,416,744,420),(127414,417,746,420),(127415,418,747,420),(127416,419,749,420),(127417,420,751,420),(127418,421,753,420),(127419,422,756,420),(127420,423,758,420),(127421,424,759,420),(127422,425,761,420),(127423,426,763,420),(127424,427,766,420),(127425,428,768,420),(127426,429,770,420),(127427,430,771,420),(127428,431,773,420),(127429,432,776,420),(127430,433,778,420),(127431,434,780,420),(127432,435,781,420),(127433,436,783,420),(127434,437,786,420),(127435,438,788,420),(127436,439,790,420),(127437,440,792,420),(127438,441,793,420),(127439,442,795,420),(127440,443,797,420),(127441,444,800,420),(127442,445,802,420),(127443,446,804,420),(127444,447,806,420),(127445,448,807,420),(127446,449,809,420),(127447,450,811,420),(127448,451,813,420),(127449,452,816,420),(127450,453,818,420),(127451,454,820,420),(127452,455,821,420),(127453,456,823,420),(127454,457,825,420),(127455,458,828,420),(127456,459,830,420),(127457,460,831,420),(127458,461,833,420),(127459,462,836,420),(127460,463,838,420),(127461,464,840,420),(127462,465,841,420),(127463,466,843,420),(127464,467,845,420),(127465,468,847,420),(127466,469,850,420),(127467,470,852,420),(127468,471,854,420),(127469,472,855,420),(127470,473,857,420),(127471,474,859,420),(127472,475,861,420),(127473,476,864,420),(127474,477,865,420),(127475,478,868,420),(127476,479,870,420),(127477,480,872,420),(127478,481,874,420),(127479,482,876,420),(127480,483,878,420),(127481,484,880,420),(127482,485,882,420),(127483,486,884,420),(127484,487,886,420),(127485,488,887,420),(127486,489,889,420),(127487,490,891,420),(127488,491,893,420),(127489,492,895,420),(127490,493,897,420),(127491,494,900,420),(127492,495,902,420),(127493,496,904,420),(127494,497,906,420),(127495,498,908,420),(127496,499,909,420),(127497,500,911,420),(127498,501,913,420),(127499,502,915,420),(127500,503,918,420),(127501,504,920,420),(127727,280,472,421),(127728,281,473,421),(127729,282,475,421),(127730,283,478,421),(127731,284,479,421),(127732,285,482,421),(127733,295,502,421),(127734,296,504,421),(127735,297,506,421),(127736,298,508,421),(127737,299,510,421),(127738,300,511,421),(127739,301,513,421),(127740,302,516,421),(127741,303,518,421),(127742,304,519,421),(127743,305,522,421),(127744,306,523,421),(127745,307,526,421),(127746,292,495,421),(127747,291,493,421),(127748,290,491,421),(127749,289,489,421),(127750,288,488,421),(127751,287,486,421),(127752,286,484,421),(127753,308,527,421),(127754,309,529,421),(127755,294,499,421),(127756,293,497,421),(127757,310,532,421),(127758,311,533,421),(127759,312,536,421),(127760,313,538,421),(127761,328,567,421),(127762,327,566,421),(127763,326,563,421),(127764,325,561,421),(127765,314,540,421),(127766,315,541,421),(127767,316,543,421),(127768,317,546,421),(127769,318,547,421),(127770,319,549,421),(127771,320,551,421),(127772,321,553,421),(127773,322,555,421),(127774,329,570,421),(127775,330,572,421),(127776,331,573,421),(127777,332,576,421),(127778,333,578,421),(127779,334,579,421),(127780,335,582,421),(127781,336,584,421),(127782,337,586,421),(127783,338,587,421),(127784,339,589,421),(127785,324,560,421),(127786,323,557,421),(127787,340,591,421),(127788,341,593,421),(127789,342,595,421),(127790,343,597,421),(127791,344,600,421),(127792,345,602,421),(127793,346,603,421),(127794,355,621,421),(127795,356,623,421),(127796,357,626,421),(127797,358,628,421),(127798,359,630,421),(127799,360,632,421),(127800,361,634,421),(127801,362,635,421),(127802,363,638,421),(127803,364,640,421),(127804,365,642,421),(127805,366,643,421),(127806,367,645,421),(127807,368,648,421),(127808,369,649,421),(127809,354,619,421),(127810,353,617,421),(127811,352,616,421),(127812,351,613,421),(127813,350,612,421),(127814,349,609,421),(127815,348,607,421),(127816,347,605,421),(127817,370,651,421),(127818,371,653,421),(127819,372,655,421),(127820,373,658,421),(127821,374,660,421),(127822,375,662,421),(127823,376,663,421),(127824,377,666,421),(127825,378,668,421),(127826,379,670,421),(127827,385,681,421),(127828,386,683,421),(127829,387,686,421),(127830,388,688,421),(127831,389,690,421),(127832,390,692,421),(127833,391,694,421),(127834,392,696,421),(127835,393,698,421),(127836,394,700,421),(127837,395,701,421),(127838,396,703,421),(127839,397,706,421),(127840,398,708,421),(127841,399,709,421),(127842,380,671,421),(127843,381,673,421),(127844,382,676,421),(127845,383,678,421),(127846,384,679,421),(127847,400,711,421),(127848,401,713,421),(127849,402,715,421),(127850,415,741,421),(127851,416,743,421),(127852,417,745,421),(127853,418,748,421),(127854,419,750,421),(127855,420,752,421),(127856,421,753,421),(127857,422,756,421),(127858,423,757,421),(127859,424,759,421),(127860,425,762,421),(127861,426,764,421),(127862,427,766,421),(127863,412,736,421),(127864,411,733,421),(127865,410,732,421),(127866,409,730,421),(127867,408,727,421),(127868,407,726,421),(127869,406,724,421),(127870,405,722,421),(127871,404,720,421),(127872,403,718,421),(127873,413,738,421),(127874,414,740,421),(127875,428,768,421),(127876,429,770,421),(127877,445,801,421),(127878,446,803,421),(127879,447,806,421),(127880,448,808,421),(127881,449,810,421),(127882,450,812,421),(127883,451,814,421),(127884,436,783,421),(127885,435,781,421),(127886,434,779,421),(127887,433,778,421),(127888,432,776,421),(127889,431,773,421),(127890,430,771,421),(127891,437,786,421),(127892,438,788,421),(127893,439,789,421),(127894,440,792,421),(127895,441,793,421),(127896,442,796,421),(127897,443,798,421),(127898,444,799,421),(127899,452,816,421),(127900,453,818,421),(127901,454,820,421),(127902,456,823,421),(127903,455,822,421),(127904,457,826,421),(127905,458,828,421),(127906,459,829,421),(127907,460,831,421),(127908,461,834,421),(127909,462,836,421),(127910,463,837,421),(127911,464,839,421),(127912,465,841,421),(127913,466,843,421),(127914,467,845,421),(127915,468,847,421),(127916,469,850,421),(127917,470,852,421),(127918,475,862,421),(127919,476,863,421),(127920,477,866,421),(127921,478,867,421),(127922,479,870,421),(127923,480,871,421),(127924,481,874,421),(127925,482,875,421),(127926,483,877,421),(127927,484,879,421),(127928,485,882,421),(127929,471,853,421),(127930,472,855,421),(127931,473,857,421),(127932,474,859,421),(127933,486,883,421),(127934,487,885,421),(127935,488,888,421),(127936,489,889,421),(127937,490,891,421),(127938,491,893,421),(127939,492,896,421),(127940,493,898,421),(127941,494,900,421),(127942,495,902,421),(127943,496,903,421),(127944,497,906,421),(127945,498,908,421),(127946,499,910,421),(127947,500,912,421),(127948,501,914,421),(127949,502,915,421),(127950,503,918,421),(127951,504,920,421),(128177,280,472,422),(128178,281,473,422),(128179,282,476,422),(128180,283,478,422),(128181,284,480,422),(128182,285,482,422),(128183,286,484,422),(128184,287,486,422),(128185,288,487,422),(128186,289,490,422),(128187,295,502,422),(128188,296,503,422),(128189,297,506,422),(128190,298,508,422),(128191,299,510,422),(128192,300,512,422),(128193,301,514,422),(128194,302,516,422),(128195,303,517,422),(128196,304,519,422),(128197,305,522,422),(128198,306,524,422),(128199,307,526,422),(128200,308,527,422),(128201,309,529,422),(128202,290,491,422),(128203,291,494,422),(128204,292,495,422),(128205,293,497,422),(128206,294,499,422),(128207,310,531,422),(128208,311,533,422),(128209,312,536,422),(128210,313,538,422),(128211,314,540,422),(128212,315,542,422),(128213,316,543,422),(128214,317,546,422),(128215,318,547,422),(128216,319,549,422),(128217,325,561,422),(128218,326,564,422),(128219,327,566,422),(128220,328,568,422),(128221,329,570,422),(128222,330,571,422),(128223,331,574,422),(128224,332,576,422),(128225,333,577,422),(128226,334,579,422),(128227,320,551,422),(128228,321,553,422),(128229,322,555,422),(128230,323,557,422),(128231,324,559,422),(128232,335,582,422),(128233,336,584,422),(128234,337,585,422),(128235,338,587,422),(128236,339,589,422),(128237,340,592,422),(128238,341,593,422),(128239,342,596,422),(128240,343,598,422),(128241,344,600,422),(128242,345,602,422),(128243,346,604,422),(128244,347,606,422),(128245,348,607,422),(128246,349,609,422),(128247,355,621,422),(128248,356,624,422),(128249,357,626,422),(128250,358,628,422),(128251,359,630,422),(128252,360,631,422),(128253,361,633,422),(128254,362,636,422),(128255,363,637,422),(128256,364,640,422),(128257,365,642,422),(128258,366,644,422),(128259,367,645,422),(128260,368,648,422),(128261,369,649,422),(128262,350,611,422),(128263,351,614,422),(128264,352,615,422),(128265,353,618,422),(128266,354,619,422),(128267,370,652,422),(128268,371,654,422),(128269,372,656,422),(128270,385,681,422),(128271,386,683,422),(128272,387,686,422),(128273,373,658,422),(128274,374,660,422),(128275,375,662,422),(128276,376,663,422),(128277,377,666,422),(128278,378,668,422),(128279,379,669,422),(128280,380,671,422),(128281,381,673,422),(128282,382,676,422),(128283,383,678,422),(128284,388,687,422),(128285,389,689,422),(128286,390,692,422),(128287,391,693,422),(128288,392,696,422),(128289,393,697,422),(128290,394,700,422),(128291,395,701,422),(128292,396,703,422),(128293,397,705,422),(128294,398,708,422),(128295,399,709,422),(128296,384,679,422),(128297,400,711,422),(128298,401,713,422),(128299,402,716,422),(128300,403,718,422),(128301,404,720,422),(128302,405,722,422),(128303,406,723,422),(128304,407,726,422),(128305,408,727,422),(128306,409,730,422),(128307,415,741,422),(128308,416,743,422),(128309,417,746,422),(128310,418,748,422),(128311,419,750,422),(128312,420,752,422),(128313,421,753,422),(128314,422,755,422),(128315,423,757,422),(128316,424,759,422),(128317,425,762,422),(128318,426,764,422),(128319,427,766,422),(128320,428,768,422),(128321,429,770,422),(128322,410,732,422),(128323,411,734,422),(128324,412,736,422),(128325,413,738,422),(128326,414,739,422),(128327,430,771,422),(128328,431,773,422),(128329,432,776,422),(128330,433,777,422),(128331,434,779,422),(128332,435,781,422),(128333,436,784,422),(128334,437,786,422),(128335,438,788,422),(128336,439,789,422),(128337,445,801,422),(128338,446,803,422),(128339,447,806,422),(128340,448,808,422),(128341,449,810,422),(128342,450,812,422),(128343,451,813,422),(128344,452,816,422),(128345,453,817,422),(128346,454,819,422),(128347,455,822,422),(128348,456,823,422),(128349,457,826,422),(128350,458,828,422),(128351,459,829,422),(128352,440,792,422),(128353,441,793,422),(128354,442,796,422),(128355,443,797,422),(128356,444,799,422),(128357,460,832,422),(128358,461,834,422),(128359,462,836,422),(128360,463,837,422),(128361,464,840,422),(128362,465,841,422),(128363,466,843,422),(128364,467,846,422),(128365,468,848,422),(128366,469,849,422),(128367,475,861,422),(128368,476,863,422),(128369,477,866,422),(128370,478,867,422),(128371,479,870,422),(128372,480,871,422),(128373,481,873,422),(128374,482,875,422),(128375,483,878,422),(128376,484,880,422),(128377,485,882,422),(128378,486,884,422),(128379,487,885,422),(128380,488,888,422),(128381,489,889,422),(128382,470,852,422),(128383,471,853,422),(128384,472,856,422),(128385,473,858,422),(128386,474,859,422),(128387,490,891,422),(128388,491,894,422),(128389,492,896,422),(128390,493,897,422),(128391,494,900,422),(128392,495,902,422),(128393,496,903,422),(128394,497,906,422),(128395,498,908,422),(128396,499,910,422),(128397,500,912,422),(128398,501,914,422),(128399,502,915,422),(128400,503,918,422),(128401,504,920,422),(128402,280,472,423),(128403,281,474,423),(128404,282,476,423),(128405,283,478,423),(128406,284,480,423),(128407,285,482,423),(128408,286,484,423),(128409,287,486,423),(128410,288,488,423),(128411,289,490,423),(128412,290,492,423),(128413,291,494,423),(128414,292,496,423),(128415,293,498,423),(128416,294,500,423),(128417,295,502,423),(128418,296,504,423),(128419,297,506,423),(128420,298,508,423),(128421,299,510,423),(128422,300,512,423),(128423,301,514,423),(128424,302,516,423),(128425,303,518,423),(128426,304,520,423),(128427,305,522,423),(128428,306,524,423),(128429,307,526,423),(128430,308,528,423),(128431,309,530,423),(128432,310,532,423),(128433,311,534,423),(128434,312,536,423),(128435,313,538,423),(128436,314,540,423),(128437,315,542,423),(128438,316,544,423),(128439,317,546,423),(128440,318,548,423),(128441,319,550,423),(128442,320,552,423),(128443,321,554,423),(128444,322,556,423),(128445,323,558,423),(128446,324,560,423),(128447,325,562,423),(128448,326,564,423),(128449,327,566,423),(128450,328,568,423),(128451,329,570,423),(128452,330,572,423),(128453,331,574,423),(128454,332,576,423),(128455,333,578,423),(128456,334,580,423),(128457,335,582,423),(128458,336,584,423),(128459,337,586,423),(128460,338,588,423),(128461,339,590,423),(128462,340,592,423),(128463,341,594,423),(128464,342,596,423),(128465,343,598,423),(128466,344,600,423),(128467,345,602,423),(128468,346,604,423),(128469,347,606,423),(128470,348,608,423),(128471,349,610,423),(128472,350,612,423),(128473,351,614,423),(128474,352,616,423),(128475,353,618,423),(128476,354,620,423),(128477,355,622,423),(128478,356,624,423),(128479,357,626,423),(128480,358,628,423),(128481,359,630,423),(128482,360,632,423),(128483,361,634,423),(128484,362,636,423),(128485,363,638,423),(128486,364,640,423),(128487,365,642,423),(128488,366,644,423),(128489,367,646,423),(128490,368,648,423),(128491,369,650,423),(128492,370,652,423),(128493,371,654,423),(128494,372,656,423),(128495,373,658,423),(128496,374,660,423),(128497,375,662,423),(128498,376,664,423),(128499,377,666,423),(128500,378,668,423),(128501,379,670,423),(128502,380,672,423),(128503,381,674,423),(128504,382,676,423),(128505,383,678,423),(128506,384,680,423),(128507,385,682,423),(128508,386,684,423),(128509,387,686,423),(128510,388,688,423),(128511,389,690,423),(128512,390,692,423),(128513,391,694,423),(128514,392,696,423),(128515,393,698,423),(128516,394,700,423),(128517,395,702,423),(128518,396,704,423),(128519,397,706,423),(128520,398,708,423),(128521,399,710,423),(128522,400,712,423),(128523,401,714,423),(128524,402,716,423),(128525,403,718,423),(128526,404,720,423),(128527,405,722,423),(128528,406,724,423),(128529,407,726,423),(128530,408,728,423),(128531,409,730,423),(128532,410,732,423),(128533,411,734,423),(128534,412,736,423),(128535,413,738,423),(128536,414,740,423),(128537,415,742,423),(128538,416,744,423),(128539,417,746,423),(128540,418,748,423),(128541,419,750,423),(128542,420,752,423),(128543,421,754,423),(128544,422,756,423),(128545,423,758,423),(128546,424,760,423),(128547,425,762,423),(128548,426,764,423),(128549,427,766,423),(128550,428,768,423),(128551,429,770,423),(128552,430,772,423),(128553,431,774,423),(128554,432,776,423),(128555,433,778,423),(128556,434,780,423),(128557,435,782,423),(128558,436,784,423),(128559,437,786,423),(128560,438,788,423),(128561,439,790,423),(128562,440,792,423),(128563,441,794,423),(128564,442,796,423),(128565,443,798,423),(128566,444,800,423),(128567,445,802,423),(128568,446,804,423),(128569,447,806,423),(128570,448,808,423),(128571,449,810,423),(128572,450,812,423),(128573,451,814,423),(128574,452,816,423),(128575,453,818,423),(128576,454,820,423),(128577,455,822,423),(128578,456,824,423),(128579,457,826,423),(128580,458,828,423),(128581,459,830,423),(128582,460,832,423),(128583,461,834,423),(128584,462,836,423),(128585,463,838,423),(128586,464,840,423),(128587,465,842,423),(128588,466,844,423),(128589,467,846,423),(128590,468,848,423),(128591,469,850,423),(128592,470,852,423),(128593,471,854,423),(128594,472,856,423),(128595,473,858,423),(128596,474,860,423),(128597,475,862,423),(128598,476,864,423),(128599,477,866,423),(128600,478,868,423),(128601,479,870,423),(128602,480,872,423),(128603,481,874,423),(128604,482,876,423),(128605,483,878,423),(128606,484,880,423),(128607,485,882,423),(128608,486,884,423),(128609,487,886,423),(128610,488,888,423),(128611,489,890,423),(128612,490,892,423),(128613,491,894,423),(128614,492,896,423),(128615,493,898,423),(128616,494,900,423),(128617,495,902,423),(128618,496,904,423),(128619,497,906,423),(128620,498,908,423),(128621,499,910,423),(128622,500,912,423),(128623,501,914,423),(128624,502,916,423),(128625,503,918,423),(128626,504,920,423),(128627,280,472,424),(128628,281,474,424),(128629,282,476,424),(128630,283,478,424),(128631,284,480,424),(128632,285,482,424),(128633,286,484,424),(128634,287,486,424),(128635,288,488,424),(128636,289,490,424),(128637,290,492,424),(128638,291,494,424),(128639,292,496,424),(128640,293,498,424),(128641,294,500,424),(128642,295,502,424),(128643,296,504,424),(128644,297,506,424),(128645,298,508,424),(128646,299,510,424),(128647,300,512,424),(128648,301,514,424),(128649,302,516,424),(128650,303,518,424),(128651,304,520,424),(128652,305,522,424),(128653,306,524,424),(128654,307,526,424),(128655,308,528,424),(128656,309,530,424),(128657,310,532,424),(128658,311,534,424),(128659,312,536,424),(128660,313,538,424),(128661,314,540,424),(128662,315,542,424),(128663,316,544,424),(128664,317,546,424),(128665,318,548,424),(128666,319,550,424),(128667,320,552,424),(128668,321,554,424),(128669,322,556,424),(128670,323,558,424),(128671,324,560,424),(128672,325,562,424),(128673,326,564,424),(128674,327,566,424),(128675,328,568,424),(128676,329,570,424),(128677,330,572,424),(128678,331,574,424),(128679,332,576,424),(128680,333,578,424),(128681,334,580,424),(128682,335,582,424),(128683,336,584,424),(128684,337,586,424),(128685,338,588,424),(128686,339,590,424),(128687,340,592,424),(128688,341,594,424),(128689,342,596,424),(128690,343,598,424),(128691,344,600,424),(128692,345,602,424),(128693,346,604,424),(128694,347,606,424),(128695,348,608,424),(128696,349,610,424),(128697,350,612,424),(128698,351,614,424),(128699,352,616,424),(128700,353,618,424),(128701,354,620,424),(128702,355,622,424),(128703,356,624,424),(128704,357,626,424),(128705,358,628,424),(128706,359,630,424),(128707,360,632,424),(128708,361,634,424),(128709,362,636,424),(128710,363,638,424),(128711,364,640,424),(128712,365,642,424),(128713,366,644,424),(128714,367,646,424),(128715,368,648,424),(128716,369,650,424),(128717,370,652,424),(128718,371,654,424),(128719,372,656,424),(128720,373,658,424),(128721,374,660,424),(128722,375,662,424),(128723,376,664,424),(128724,377,666,424),(128725,378,668,424),(128726,379,670,424),(128727,380,672,424),(128728,381,674,424),(128729,382,676,424),(128730,383,678,424),(128731,384,680,424),(128732,385,682,424),(128733,386,684,424),(128734,387,686,424),(128735,388,688,424),(128736,389,690,424),(128737,390,692,424),(128738,391,694,424),(128739,392,696,424),(128740,393,698,424),(128741,394,700,424),(128742,395,702,424),(128743,396,704,424),(128744,397,706,424),(128745,398,708,424),(128746,399,710,424),(128747,400,712,424),(128748,401,714,424),(128749,402,716,424),(128750,403,718,424),(128751,404,720,424),(128752,405,722,424),(128753,406,724,424),(128754,407,726,424),(128755,408,728,424),(128756,409,730,424),(128757,410,732,424),(128758,411,734,424),(128759,412,736,424),(128760,413,738,424),(128761,414,740,424),(128762,415,742,424),(128763,416,744,424),(128764,417,746,424),(128765,418,748,424),(128766,419,750,424),(128767,420,752,424),(128768,421,754,424),(128769,422,756,424),(128770,423,758,424),(128771,424,760,424),(128772,425,762,424),(128773,426,764,424),(128774,427,766,424),(128775,428,768,424),(128776,429,770,424),(128777,430,772,424),(128778,431,774,424),(128779,432,776,424),(128780,433,778,424),(128781,434,780,424),(128782,435,782,424),(128783,436,784,424),(128784,437,786,424),(128785,438,788,424),(128786,439,790,424),(128787,440,792,424),(128788,441,794,424),(128789,442,796,424),(128790,443,798,424),(128791,444,800,424),(128792,445,802,424),(128793,446,804,424),(128794,447,806,424),(128795,448,808,424),(128796,449,810,424),(128797,450,812,424),(128798,451,814,424),(128799,452,816,424),(128800,453,818,424),(128801,454,820,424),(128802,455,822,424),(128803,456,824,424),(128804,457,826,424),(128805,458,828,424),(128806,459,830,424),(128807,460,832,424),(128808,461,834,424),(128809,462,836,424),(128810,463,838,424),(128811,464,840,424),(128812,465,842,424),(128813,466,844,424),(128814,467,846,424),(128815,468,848,424),(128816,469,850,424),(128817,470,852,424),(128818,471,854,424),(128819,472,856,424),(128820,473,858,424),(128821,474,860,424),(128822,475,862,424),(128823,476,864,424),(128824,477,866,424),(128825,478,868,424),(128826,479,870,424),(128827,480,872,424),(128828,481,874,424),(128829,482,876,424),(128830,483,878,424),(128831,484,880,424),(128832,485,882,424),(128833,486,884,424),(128834,487,886,424),(128835,488,888,424),(128836,489,890,424),(128837,490,892,424),(128838,491,894,424),(128839,492,896,424),(128840,493,898,424),(128841,494,900,424),(128842,495,902,424),(128843,496,904,424),(128844,497,906,424),(128845,498,908,424),(128846,499,910,424),(128847,500,912,424),(128848,501,914,424),(128849,502,916,424),(128850,503,918,424),(128851,504,920,424),(129077,280,471,425),(129078,281,473,425),(129079,282,475,425),(129080,283,478,425),(129081,284,480,425),(129082,285,482,425),(129083,286,484,425),(129084,287,486,425),(129085,288,487,425),(129086,289,489,425),(129087,290,491,425),(129088,291,493,425),(129089,292,496,425),(129090,293,498,425),(129091,294,500,425),(129092,309,529,425),(129093,308,527,425),(129094,307,525,425),(129095,306,524,425),(129096,305,522,425),(129097,304,520,425),(129098,303,517,425),(129099,302,515,425),(129100,301,514,425),(129101,300,512,425),(129102,299,509,425),(129103,298,507,425),(129104,297,506,425),(129105,296,504,425),(129106,295,502,425),(129107,325,562,425),(129108,326,564,425),(129109,327,565,425),(129110,328,567,425),(129111,329,569,425),(129112,315,542,425),(129113,314,540,425),(129114,313,538,425),(129115,312,535,425),(129116,311,533,425),(129117,310,531,425),(129118,316,544,425),(129119,317,545,425),(129120,318,547,425),(129121,319,549,425),(129122,320,551,425),(129123,321,553,425),(129124,322,555,425),(129125,330,571,425),(129126,331,573,425),(129127,332,576,425),(129128,333,578,425),(129129,334,580,425),(129130,335,582,425),(129131,336,583,425),(129132,337,585,425),(129133,338,587,425),(129134,339,589,425),(129135,324,560,425),(129136,323,558,425),(129137,340,592,425),(129138,341,594,425),(129139,342,596,425),(129140,343,597,425),(129141,344,599,425),(129142,345,601,425),(129143,347,606,425),(129144,346,604,425),(129145,348,608,425),(129146,349,610,425),(129147,350,611,425),(129148,351,613,425),(129149,352,615,425),(129150,353,617,425),(129151,354,619,425),(129152,369,649,425),(129153,368,647,425),(129154,367,645,425),(129155,366,644,425),(129156,365,642,425),(129157,364,640,425),(129158,363,637,425),(129159,362,636,425),(129160,361,634,425),(129161,360,632,425),(129162,359,629,425),(129163,357,626,425),(129164,358,628,425),(129165,356,624,425),(129166,355,622,425),(129167,385,682,425),(129168,387,686,425),(129169,386,684,425),(129170,388,687,425),(129171,389,689,425),(129172,390,691,425),(129173,391,693,425),(129174,392,695,425),(129175,393,698,425),(129176,394,700,425),(129177,395,702,425),(129178,396,704,425),(129179,397,706,425),(129180,398,708,425),(129181,399,710,425),(129182,384,680,425),(129183,383,678,425),(129184,382,675,425),(129185,381,673,425),(129186,380,671,425),(129187,379,669,425),(129188,378,668,425),(129189,377,666,425),(129190,375,662,425),(129191,376,664,425),(129192,374,659,425),(129193,373,657,425),(129194,372,655,425),(129195,370,651,425),(129196,400,712,425),(129197,401,714,425),(129198,402,716,425),(129199,403,717,425),(129200,404,719,425),(129201,405,721,425),(129202,406,723,425),(129203,407,725,425),(129204,408,728,425),(129205,409,730,425),(129206,410,732,425),(129207,411,734,425),(129208,412,735,425),(129209,413,737,425),(129210,414,739,425),(129211,429,769,425),(129212,428,767,425),(129213,427,765,425),(129214,426,763,425),(129215,425,762,425),(129216,424,760,425),(129217,423,758,425),(129218,422,756,425),(129219,421,753,425),(129220,420,751,425),(129221,419,749,425),(129222,418,748,425),(129223,417,746,425),(129224,416,744,425),(129225,415,742,425),(129226,445,802,425),(129227,446,804,425),(129228,447,806,425),(129229,448,807,425),(129230,450,811,425),(129231,449,809,425),(129232,451,813,425),(129233,452,815,425),(129234,453,817,425),(129235,454,820,425),(129236,455,822,425),(129237,456,824,425),(129238,457,826,425),(129239,458,828,425),(129240,459,830,425),(129241,444,800,425),(129242,443,798,425),(129243,442,795,425),(129244,441,793,425),(129245,439,790,425),(129246,440,791,425),(129247,438,788,425),(129248,437,786,425),(129249,436,783,425),(129250,435,781,425),(129251,434,779,425),(129252,433,778,425),(129253,432,776,425),(129254,431,774,425),(129255,430,772,425),(129256,460,832,425),(129257,461,834,425),(129258,462,836,425),(129259,463,837,425),(129260,464,839,425),(129261,465,841,425),(129262,466,843,425),(129263,467,846,425),(129264,468,848,425),(129265,469,850,425),(129266,470,852,425),(129267,471,853,425),(129268,472,855,425),(129269,473,857,425),(129270,474,859,425),(129271,489,889,425),(129272,488,887,425),(129273,486,883,425),(129274,487,885,425),(129275,485,882,425),(129276,484,880,425),(129277,483,878,425),(129278,482,876,425),(129279,481,873,425),(129280,480,871,425),(129281,479,869,425),(129282,478,868,425),(129283,477,866,425),(129284,476,864,425),(129285,475,862,425),(129286,490,892,425),(129287,491,894,425),(129288,492,895,425),(129289,493,897,425),(129290,494,899,425),(129291,495,901,425),(129292,496,904,425),(129293,497,906,425),(129294,498,908,425),(129295,499,910,425),(129296,500,911,425),(129297,501,913,425),(129298,502,915,425),(129299,503,917,425),(129300,504,919,425),(129301,371,653,425),(129527,280,471,426),(129528,281,473,426),(129529,282,475,426),(129530,283,478,426),(129531,284,480,426),(129532,285,482,426),(129533,286,484,426),(129534,287,485,426),(129535,288,487,426),(129536,289,489,426),(129537,290,491,426),(129538,291,493,426),(129539,292,496,426),(129540,293,498,426),(129541,294,500,426),(129542,309,529,426),(129543,308,527,426),(129544,306,524,426),(129545,307,525,426),(129546,305,522,426),(129547,304,520,426),(129548,303,518,426),(129549,302,515,426),(129550,301,513,426),(129551,300,511,426),(129552,299,510,426),(129553,298,508,426),(129554,297,506,426),(129555,296,503,426),(129556,295,501,426),(129557,325,562,426),(129558,326,564,426),(129559,327,566,426),(129560,328,567,426),(129561,329,569,426),(129562,330,571,426),(129563,331,573,426),(129564,332,575,426),(129565,310,532,426),(129566,311,534,426),(129567,312,536,426),(129568,313,537,426),(129569,314,539,426),(129570,315,541,426),(129571,316,543,426),(129572,317,545,426),(129573,318,547,426),(129574,319,550,426),(129575,320,552,426),(129576,321,554,426),(129577,322,556,426),(129578,324,559,426),(129579,323,557,426),(129580,339,589,426),(129581,338,587,426),(129582,337,585,426),(129583,336,584,426),(129584,335,582,426),(129585,334,580,426),(129586,333,577,426),(129587,355,622,426),(129588,356,624,426),(129589,357,626,426),(129590,358,627,426),(129591,359,629,426),(129592,360,631,426),(129593,344,600,426),(129594,343,598,426),(129595,342,596,426),(129596,341,594,426),(129597,345,601,426),(129598,346,603,426),(129599,347,605,426),(129600,348,607,426),(129601,349,609,426),(129602,361,633,426),(129603,362,635,426),(129604,363,638,426),(129605,364,640,426),(129606,365,642,426),(129607,366,644,426),(129608,367,646,426),(129609,368,647,426),(129610,369,649,426),(129611,354,620,426),(129612,353,618,426),(129613,352,616,426),(129614,351,614,426),(129615,350,612,426),(129616,370,652,426),(129617,371,654,426),(129618,372,656,426),(129619,373,658,426),(129620,374,660,426),(129621,375,661,426),(129622,376,663,426),(129623,377,665,426),(129624,378,667,426),(129625,385,681,426),(129626,386,683,426),(129627,387,685,426),(129628,388,687,426),(129629,389,690,426),(129630,390,692,426),(129631,391,694,426),(129632,392,696,426),(129633,393,698,426),(129634,394,699,426),(129635,395,701,426),(129636,396,703,426),(129637,397,705,426),(129638,379,669,426),(129639,380,671,426),(129640,381,673,426),(129641,382,675,426),(129642,383,677,426),(129643,384,679,426),(129644,398,708,426),(129645,399,710,426),(129646,415,741,426),(129647,416,743,426),(129648,417,745,426),(129649,418,748,426),(129650,419,750,426),(129651,420,752,426),(129652,400,712,426),(129653,401,714,426),(129654,402,716,426),(129655,403,717,426),(129656,404,719,426),(129657,405,721,426),(129658,406,724,426),(129659,407,726,426),(129660,408,728,426),(129661,409,730,426),(129662,421,753,426),(129663,422,755,426),(129664,423,757,426),(129665,424,759,426),(129666,425,762,426),(129667,426,764,426),(129668,427,766,426),(129669,410,731,426),(129670,411,733,426),(129671,412,735,426),(129672,413,738,426),(129673,414,740,426),(129674,428,767,426),(129675,429,769,426),(129676,445,801,426),(129677,446,803,426),(129678,447,805,426),(129679,448,808,426),(129680,449,810,426),(129681,430,772,426),(129682,431,774,426),(129683,432,776,426),(129684,433,777,426),(129685,434,779,426),(129686,435,781,426),(129687,436,783,426),(129688,437,786,426),(129689,438,788,426),(129690,439,790,426),(129691,440,792,426),(129692,450,811,426),(129693,451,813,426),(129694,452,815,426),(129695,453,817,426),(129696,454,820,426),(129697,455,822,426),(129698,456,824,426),(129699,457,825,426),(129700,458,827,426),(129701,459,829,426),(129702,443,798,426),(129703,444,800,426),(129704,442,795,426),(129705,441,793,426),(129706,460,832,426),(129707,461,834,426),(129708,462,836,426),(129709,463,838,426),(129710,464,839,426),(129711,465,841,426),(129712,466,843,426),(129713,467,845,426),(129714,468,847,426),(129715,469,850,426),(129716,470,852,426),(129717,471,854,426),(129718,472,856,426),(129719,473,857,426),(129720,474,859,426),(129721,489,889,426),(129722,488,887,426),(129723,487,885,426),(129724,486,884,426),(129725,485,882,426),(129726,484,880,426),(129727,483,877,426),(129728,482,875,426),(129729,481,873,426),(129730,480,871,426),(129731,479,870,426),(129732,477,866,426),(129733,476,864,426),(129734,475,862,426),(129735,478,868,426),(129736,490,892,426),(129737,491,894,426),(129738,492,895,426),(129739,493,897,426),(129740,494,899,426),(129741,495,901,426),(129742,496,903,426),(129743,497,905,426),(129744,498,907,426),(129745,499,910,426),(129746,500,912,426),(129747,501,914,426),(129748,502,916,426),(129749,503,918,426),(129750,504,920,426),(129751,340,592,426),(129752,280,472,427),(129753,281,474,427),(129754,282,476,427),(129755,283,478,427),(129756,284,480,427),(129757,285,482,427),(129758,286,484,427),(129759,287,486,427),(129760,288,488,427),(129761,289,490,427),(129762,290,492,427),(129763,291,494,427),(129764,292,496,427),(129765,293,498,427),(129766,294,500,427),(129767,295,502,427),(129768,296,504,427),(129769,297,506,427),(129770,298,508,427),(129771,299,510,427),(129772,300,512,427),(129773,301,514,427),(129774,302,516,427),(129775,303,518,427),(129776,304,520,427),(129777,305,522,427),(129778,306,524,427),(129779,307,526,427),(129780,308,528,427),(129781,309,530,427),(129782,310,532,427),(129783,311,534,427),(129784,312,536,427),(129785,313,538,427),(129786,314,540,427),(129787,315,542,427),(129788,316,544,427),(129789,317,546,427),(129790,318,548,427),(129791,319,550,427),(129792,320,552,427),(129793,321,554,427),(129794,322,556,427),(129795,323,558,427),(129796,324,560,427),(129797,325,562,427),(129798,326,564,427),(129799,327,566,427),(129800,328,568,427),(129801,329,570,427),(129802,330,572,427),(129803,331,574,427),(129804,332,576,427),(129805,333,578,427),(129806,334,580,427),(129807,335,582,427),(129808,336,584,427),(129809,337,586,427),(129810,338,588,427),(129811,339,590,427),(129812,340,592,427),(129813,341,594,427),(129814,342,596,427),(129815,343,598,427),(129816,344,600,427),(129817,345,602,427),(129818,346,604,427),(129819,347,606,427),(129820,348,608,427),(129821,349,610,427),(129822,350,612,427),(129823,351,614,427),(129824,352,616,427),(129825,353,618,427),(129826,354,620,427),(129827,355,622,427),(129828,356,624,427),(129829,357,626,427),(129830,358,628,427),(129831,359,630,427),(129832,360,632,427),(129833,361,634,427),(129834,362,636,427),(129835,363,638,427),(129836,364,640,427),(129837,365,642,427),(129838,366,644,427),(129839,367,646,427),(129840,368,648,427),(129841,369,650,427),(129842,370,652,427),(129843,371,654,427),(129844,372,656,427),(129845,373,658,427),(129846,374,660,427),(129847,375,662,427),(129848,376,664,427),(129849,377,666,427),(129850,378,668,427),(129851,379,670,427),(129852,380,672,427),(129853,381,674,427),(129854,382,676,427),(129855,383,678,427),(129856,384,680,427),(129857,385,682,427),(129858,386,684,427),(129859,387,686,427),(129860,388,688,427),(129861,389,690,427),(129862,390,692,427),(129863,391,694,427),(129864,392,696,427),(129865,393,698,427),(129866,394,700,427),(129867,395,702,427),(129868,396,704,427),(129869,397,706,427),(129870,398,708,427),(129871,399,710,427),(129872,400,712,427),(129873,401,714,427),(129874,402,716,427),(129875,403,718,427),(129876,404,720,427),(129877,405,722,427),(129878,406,724,427),(129879,407,726,427),(129880,408,728,427),(129881,409,730,427),(129882,410,732,427),(129883,411,734,427),(129884,412,736,427),(129885,413,738,427),(129886,414,740,427),(129887,415,742,427),(129888,416,744,427),(129889,417,746,427),(129890,418,748,427),(129891,419,750,427),(129892,420,752,427),(129893,421,754,427),(129894,422,756,427),(129895,423,758,427),(129896,424,760,427),(129897,425,762,427),(129898,426,764,427),(129899,427,766,427),(129900,428,768,427),(129901,429,770,427),(129902,430,772,427),(129903,431,774,427),(129904,432,776,427),(129905,433,778,427),(129906,434,780,427),(129907,435,782,427),(129908,436,784,427),(129909,437,786,427),(129910,438,788,427),(129911,439,790,427),(129912,440,792,427),(129913,441,794,427),(129914,442,796,427),(129915,443,798,427),(129916,444,800,427),(129917,445,802,427),(129918,446,804,427),(129919,447,806,427),(129920,448,808,427),(129921,449,810,427),(129922,450,812,427),(129923,451,814,427),(129924,452,816,427),(129925,453,818,427),(129926,454,820,427),(129927,455,822,427),(129928,456,824,427),(129929,457,826,427),(129930,458,828,427),(129931,459,830,427),(129932,460,832,427),(129933,461,834,427),(129934,462,836,427),(129935,463,838,427),(129936,464,840,427),(129937,465,842,427),(129938,466,844,427),(129939,467,846,427),(129940,468,848,427),(129941,469,850,427),(129942,470,852,427),(129943,471,854,427),(129944,472,856,427),(129945,473,858,427),(129946,474,860,427),(129947,475,862,427),(129948,476,864,427),(129949,477,866,427),(129950,478,868,427),(129951,479,870,427),(129952,480,872,427),(129953,481,874,427),(129954,482,876,427),(129955,483,878,427),(129956,484,880,427),(129957,485,882,427),(129958,486,884,427),(129959,487,886,427),(129960,488,888,427),(129961,489,890,427),(129962,490,892,427),(129963,491,894,427),(129964,492,896,427),(129965,493,898,427),(129966,494,900,427),(129967,495,902,427),(129968,496,904,427),(129969,497,906,427),(129970,498,908,427),(129971,499,910,427),(129972,500,912,427),(129973,501,914,427),(129974,502,916,427),(129975,503,918,427),(129976,504,920,427),(130202,280,472,428),(130203,281,474,428),(130204,282,476,428),(130205,283,477,428),(130206,284,479,428),(130207,285,481,428),(130208,286,483,428),(130209,287,486,428),(130210,288,488,428),(130211,289,490,428),(130212,290,491,428),(130213,291,493,428),(130214,292,496,428),(130215,293,498,428),(130216,294,500,428),(130217,309,529,428),(130218,308,527,428),(130219,307,525,428),(130220,306,524,428),(130221,305,522,428),(130222,304,520,428),(130223,303,518,428),(130224,302,516,428),(130225,301,513,428),(130226,300,511,428),(130227,299,509,428),(130228,298,507,428),(130229,297,505,428),(130230,296,503,428),(130231,295,501,428),(130232,310,532,428),(130233,311,534,428),(130234,312,536,428),(130235,313,537,428),(130236,315,541,428),(130237,316,543,428),(130238,314,539,428),(130239,325,561,428),(130240,326,563,428),(130241,327,565,428),(130242,328,567,428),(130243,329,570,428),(130244,330,572,428),(130245,331,574,428),(130246,332,576,428),(130247,333,577,428),(130248,334,579,428),(130249,335,581,428),(130250,336,583,428),(130251,337,585,428),(130252,317,546,428),(130253,318,548,428),(130254,319,550,428),(130255,320,552,428),(130256,321,553,428),(130257,322,555,428),(130258,323,557,428),(130259,338,588,428),(130260,339,590,428),(130261,324,560,428),(130262,340,592,428),(130263,341,594,428),(130264,342,596,428),(130265,343,597,428),(130266,344,599,428),(130267,345,601,428),(130268,346,604,428),(130269,347,606,428),(130270,348,608,428),(130271,349,610,428),(130272,355,621,428),(130273,356,623,428),(130274,357,625,428),(130275,358,627,428),(130276,359,630,428),(130277,360,632,428),(130278,361,634,428),(130279,362,636,428),(130280,363,638,428),(130281,364,640,428),(130282,365,641,428),(130283,366,643,428),(130284,367,645,428),(130285,368,647,428),(130286,369,649,428),(130287,350,612,428),(130288,351,614,428),(130289,352,615,428),(130290,353,617,428),(130291,354,619,428),(130292,385,682,428),(130293,387,686,428),(130294,386,684,428),(130295,370,652,428),(130296,371,654,428),(130297,372,656,428),(130298,373,657,428),(130299,374,659,428),(130300,375,661,428),(130301,376,663,428),(130302,388,687,428),(130303,389,689,428),(130304,390,691,428),(130305,391,693,428),(130306,392,695,428),(130307,393,697,428),(130308,377,666,428),(130309,378,668,428),(130310,379,670,428),(130311,380,672,428),(130312,381,674,428),(130313,394,699,428),(130314,395,701,428),(130315,396,703,428),(130316,397,705,428),(130317,382,676,428),(130318,383,677,428),(130319,384,679,428),(130320,398,707,428),(130321,399,709,428),(130322,401,714,428),(130323,400,712,428),(130324,402,715,428),(130325,403,717,428),(130326,404,719,428),(130327,405,721,428),(130328,406,724,428),(130329,415,741,428),(130330,416,743,428),(130331,417,745,428),(130332,418,748,428),(130333,419,750,428),(130334,421,754,428),(130335,420,752,428),(130336,422,756,428),(130337,423,757,428),(130338,424,759,428),(130339,425,761,428),(130340,426,763,428),(130341,407,726,428),(130342,408,728,428),(130343,409,730,428),(130344,410,732,428),(130345,412,735,428),(130346,411,733,428),(130347,413,737,428),(130348,414,739,428),(130349,427,766,428),(130350,428,768,428),(130351,429,770,428),(130352,445,802,428),(130353,446,804,428),(130354,447,806,428),(130355,448,808,428),(130356,449,809,428),(130357,450,811,428),(130358,451,813,428),(130359,435,782,428),(130360,434,780,428),(130361,433,778,428),(130362,432,776,428),(130363,430,771,428),(130364,431,773,428),(130365,436,783,428),(130366,437,785,428),(130367,438,787,428),(130368,439,789,428),(130369,440,791,428),(130370,441,793,428),(130371,442,796,428),(130372,443,798,428),(130373,453,817,428),(130374,452,815,428),(130375,455,822,428),(130376,454,820,428),(130377,456,824,428),(130378,457,826,428),(130379,458,828,428),(130380,459,830,428),(130381,444,800,428),(130382,460,832,428),(130383,461,834,428),(130384,462,836,428),(130385,463,837,428),(130386,475,861,428),(130387,476,863,428),(130388,477,865,428),(130389,478,868,428),(130390,479,870,428),(130391,480,872,428),(130392,481,874,428),(130393,482,875,428),(130394,464,840,428),(130395,465,842,428),(130396,466,844,428),(130397,467,845,428),(130398,468,847,428),(130399,469,849,428),(130400,470,851,428),(130401,471,854,428),(130402,484,879,428),(130403,483,877,428),(130404,485,881,428),(130405,486,883,428),(130406,487,886,428),(130407,488,888,428),(130408,489,890,428),(130409,472,856,428),(130410,473,858,428),(130411,474,860,428),(130412,490,892,428),(130413,491,894,428),(130414,492,895,428),(130415,493,897,428),(130416,494,899,428),(130417,495,901,428),(130418,496,903,428),(130419,497,906,428),(130420,498,908,428),(130421,499,910,428),(130422,500,912,428),(130423,501,914,428),(130424,502,916,428),(130425,504,920,428),(130426,503,918,428),(130652,280,472,429),(130653,281,474,429),(130654,282,476,429),(130655,283,477,429),(130656,284,479,429),(130657,285,481,429),(130658,286,483,429),(130659,295,501,429),(130660,296,503,429),(130661,297,505,429),(130662,299,510,429),(130663,298,508,429),(130664,287,485,429),(130665,288,487,429),(130666,289,490,429),(130667,290,492,429),(130668,291,494,429),(130669,292,496,429),(130670,293,498,429),(130671,294,499,429),(130672,309,529,429),(130673,308,527,429),(130674,307,525,429),(130675,306,524,429),(130676,304,520,429),(130677,305,522,429),(130678,303,518,429),(130679,302,516,429),(130680,301,514,429),(130681,300,512,429),(130682,325,562,429),(130683,326,564,429),(130684,327,566,429),(130685,310,532,429),(130686,311,534,429),(130687,312,535,429),(130688,313,537,429),(130689,314,539,429),(130690,315,541,429),(130691,316,543,429),(130692,317,546,429),(130693,318,548,429),(130694,319,550,429),(130695,328,567,429),(130696,329,569,429),(130697,330,571,429),(130698,331,574,429),(130699,332,576,429),(130700,333,578,429),(130701,334,580,429),(130702,335,581,429),(130703,336,583,429),(130704,337,585,429),(130705,338,587,429),(130706,339,589,429),(130707,324,560,429),(130708,323,558,429),(130709,322,556,429),(130710,321,553,429),(130711,320,551,429),(130712,340,591,429),(130713,341,593,429),(130714,342,595,429),(130715,344,600,429),(130716,343,598,429),(130717,345,602,429),(130718,346,604,429),(130719,347,606,429),(130720,348,607,429),(130721,349,609,429),(130722,350,611,429),(130723,351,613,429),(130724,352,616,429),(130725,353,618,429),(130726,354,620,429),(130727,369,649,429),(130728,368,647,429),(130729,367,645,429),(130730,366,643,429),(130731,365,642,429),(130732,364,640,429),(130733,363,638,429),(130734,362,636,429),(130735,361,634,429),(130736,360,631,429),(130737,359,629,429),(130738,357,625,429),(130739,358,627,429),(130740,356,623,429),(130741,355,621,429),(130742,385,682,429),(130743,386,684,429),(130744,387,686,429),(130745,388,688,429),(130746,370,652,429),(130747,371,654,429),(130748,372,656,429),(130749,373,657,429),(130750,374,659,429),(130751,375,661,429),(130752,376,663,429),(130753,378,668,429),(130754,377,665,429),(130755,379,670,429),(130756,380,672,429),(130757,381,674,429),(130758,382,676,429),(130759,383,677,429),(130760,384,679,429),(130761,399,709,429),(130762,398,707,429),(130763,397,705,429),(130764,396,703,429),(130765,395,701,429),(130766,394,700,429),(130767,393,698,429),(130768,392,696,429),(130769,391,693,429),(130770,390,691,429),(130771,389,689,429),(130772,415,742,429),(130773,416,744,429),(130774,417,746,429),(130775,418,747,429),(130776,419,749,429),(130777,420,751,429),(130778,421,753,429),(130779,422,755,429),(130780,423,758,429),(130781,424,760,429),(130782,425,762,429),(130783,426,764,429),(130784,427,765,429),(130785,428,767,429),(130786,429,769,429),(130787,414,740,429),(130788,413,738,429),(130789,412,735,429),(130790,411,733,429),(130791,410,731,429),(130792,409,730,429),(130793,408,728,429),(130794,407,726,429),(130795,406,724,429),(130796,405,721,429),(130797,404,719,429),(130798,403,717,429),(130799,402,715,429),(130800,401,714,429),(130801,400,712,429),(130802,430,772,429),(130803,431,774,429),(130804,432,776,429),(130805,433,777,429),(130806,434,779,429),(130807,435,781,429),(130808,436,783,429),(130809,437,785,429),(130810,438,788,429),(130811,439,790,429),(130812,440,792,429),(130813,441,794,429),(130814,442,795,429),(130815,443,797,429),(130816,444,799,429),(130817,459,829,429),(130818,458,827,429),(130819,457,825,429),(130820,456,824,429),(130821,455,822,429),(130822,454,820,429),(130823,453,817,429),(130824,451,813,429),(130825,450,811,429),(130826,452,815,429),(130827,449,809,429),(130828,448,808,429),(130829,447,806,429),(130830,446,804,429),(130831,445,802,429),(130832,475,862,429),(130833,476,864,429),(130834,477,866,429),(130835,478,868,429),(130836,479,869,429),(130837,480,871,429),(130838,481,873,429),(130839,482,875,429),(130840,483,877,429),(130841,484,879,429),(130842,485,882,429),(130843,486,884,429),(130844,487,886,429),(130845,489,889,429),(130846,488,887,429),(130847,474,860,429),(130848,473,858,429),(130849,472,855,429),(130850,471,853,429),(130851,470,851,429),(130852,469,849,429),(130853,468,848,429),(130854,467,846,429),(130855,466,844,429),(130856,465,842,429),(130857,464,840,429),(130858,463,838,429),(130859,462,835,429),(130860,461,833,429),(130861,460,831,429),(130862,490,892,429),(130863,492,896,429),(130864,491,894,429),(130865,493,898,429),(130866,494,899,429),(130867,495,901,429),(130868,496,903,429),(130869,497,905,429),(130870,498,907,429),(130871,499,910,429),(130872,500,912,429),(130873,501,914,429),(130874,502,916,429),(130875,503,918,429),(130876,504,920,429),(131102,280,472,430),(131103,281,474,430),(131104,282,476,430),(131105,283,478,430),(131106,284,480,430),(131107,285,482,430),(131108,295,501,430),(131109,296,503,430),(131110,297,505,430),(131111,298,507,430),(131112,299,509,430),(131113,300,511,430),(131114,286,484,430),(131115,287,486,430),(131116,288,488,430),(131117,289,490,430),(131118,290,492,430),(131119,291,494,430),(131120,292,496,430),(131121,293,498,430),(131122,294,500,430),(131123,301,513,430),(131124,302,515,430),(131125,303,517,430),(131126,304,519,430),(131127,305,521,430),(131128,306,523,430),(131129,307,525,430),(131130,308,527,430),(131131,309,529,430),(131132,310,532,430),(131133,311,534,430),(131134,312,536,430),(131135,313,538,430),(131136,314,540,430),(131137,315,542,430),(131138,316,544,430),(131139,317,546,430),(131140,318,548,430),(131141,333,577,430),(131142,332,575,430),(131143,331,573,430),(131144,330,571,430),(131145,329,569,430),(131146,328,567,430),(131147,327,565,430),(131148,326,563,430),(131149,325,561,430),(131150,334,579,430),(131151,335,581,430),(131152,336,583,430),(131153,337,585,430),(131154,339,589,430),(131155,324,560,430),(131156,323,558,430),(131157,322,556,430),(131158,321,554,430),(131159,320,552,430),(131160,319,550,430),(131161,340,592,430),(131162,341,594,430),(131163,342,596,430),(131164,343,598,430),(131165,344,600,430),(131166,345,602,430),(131167,346,604,430),(131168,348,608,430),(131169,347,606,430),(131170,349,610,430),(131171,364,639,430),(131172,363,637,430),(131173,362,635,430),(131174,361,633,430),(131175,360,631,430),(131176,359,629,430),(131177,358,627,430),(131178,357,625,430),(131179,356,623,430),(131180,355,621,430),(131181,350,612,430),(131182,351,614,430),(131183,352,616,430),(131184,353,618,430),(131185,354,620,430),(131186,369,649,430),(131187,368,647,430),(131188,367,645,430),(131189,366,643,430),(131190,365,641,430),(131191,370,652,430),(131192,371,654,430),(131193,372,656,430),(131194,373,658,430),(131195,374,660,430),(131196,375,662,430),(131197,376,664,430),(131198,377,666,430),(131199,378,668,430),(131200,379,670,430),(131201,394,699,430),(131202,393,697,430),(131203,392,695,430),(131204,391,693,430),(131205,390,691,430),(131206,389,689,430),(131207,388,687,430),(131208,387,685,430),(131209,386,683,430),(131210,385,681,430),(131211,395,701,430),(131212,396,703,430),(131213,397,705,430),(131214,398,707,430),(131215,399,709,430),(131216,384,680,430),(131217,383,678,430),(131218,382,676,430),(131219,381,674,430),(131220,380,672,430),(131221,415,741,430),(131222,416,743,430),(131223,417,745,430),(131224,418,747,430),(131225,419,749,430),(131226,420,751,430),(131227,421,753,430),(131228,422,755,430),(131229,423,757,430),(131230,424,759,430),(131231,409,730,430),(131232,408,728,430),(131233,407,726,430),(131234,406,724,430),(131235,405,722,430),(131236,404,720,430),(131237,403,718,430),(131238,402,716,430),(131239,401,714,430),(131240,400,712,430),(131241,429,769,430),(131242,428,767,430),(131243,427,765,430),(131244,426,763,430),(131245,425,761,430),(131246,410,732,430),(131247,411,734,430),(131248,412,736,430),(131249,413,738,430),(131250,414,740,430),(131251,445,801,430),(131252,446,803,430),(131253,447,805,430),(131254,448,807,430),(131255,449,809,430),(131256,450,811,430),(131257,451,813,430),(131258,452,815,430),(131259,453,817,430),(131260,438,788,430),(131261,437,786,430),(131262,436,784,430),(131263,435,782,430),(131264,434,780,430),(131265,433,778,430),(131266,432,776,430),(131267,431,774,430),(131268,430,772,430),(131269,439,790,430),(131270,440,792,430),(131271,441,794,430),(131272,442,796,430),(131273,443,798,430),(131274,444,800,430),(131275,459,829,430),(131276,458,827,430),(131277,457,825,430),(131278,456,823,430),(131279,455,821,430),(131280,454,819,430),(131281,475,861,430),(131282,476,863,430),(131283,477,865,430),(131284,478,867,430),(131285,479,869,430),(131286,480,871,430),(131287,481,873,430),(131288,482,875,430),(131289,483,877,430),(131290,484,879,430),(131291,469,850,430),(131292,468,848,430),(131293,467,846,430),(131294,466,844,430),(131295,465,842,430),(131296,464,840,430),(131297,463,838,430),(131298,462,836,430),(131299,461,834,430),(131300,460,832,430),(131301,485,881,430),(131302,486,883,430),(131303,487,885,430),(131304,488,887,430),(131305,489,889,430),(131306,470,852,430),(131307,471,854,430),(131308,472,856,430),(131309,473,858,430),(131310,474,860,430),(131311,490,892,430),(131312,491,894,430),(131313,492,896,430),(131314,493,898,430),(131315,494,900,430),(131316,495,902,430),(131317,496,904,430),(131318,497,906,430),(131319,498,908,430),(131320,499,910,430),(131321,500,912,430),(131322,501,914,430),(131323,502,916,430),(131324,503,918,430),(131325,504,920,430),(131326,338,588,430),(131552,280,471,431),(131553,281,473,431),(131554,282,475,431),(131555,283,478,431),(131556,284,480,431),(131557,285,482,431),(131558,286,483,431),(131559,287,485,431),(131560,288,487,431),(131561,289,490,431),(131562,290,492,431),(131563,291,494,431),(131564,292,495,431),(131565,293,497,431),(131566,294,499,431),(131567,295,502,431),(131568,296,504,431),(131569,297,505,431),(131570,298,507,431),(131571,299,510,431),(131572,300,512,431),(131573,301,514,431),(131574,302,515,431),(131575,303,517,431),(131576,304,519,431),(131577,305,521,431),(131578,306,523,431),(131579,307,526,431),(131580,308,528,431),(131581,309,530,431),(131582,310,531,431),(131583,311,533,431),(131584,312,535,431),(131585,313,537,431),(131586,314,540,431),(131587,315,542,431),(131588,316,544,431),(131589,317,546,431),(131590,318,548,431),(131591,319,550,431),(131592,320,552,431),(131593,321,554,431),(131594,322,555,431),(131595,323,557,431),(131596,324,559,431),(131597,325,561,431),(131598,326,564,431),(131599,327,566,431),(131600,328,568,431),(131601,329,569,431),(131602,330,571,431),(131603,331,573,431),(131604,332,575,431),(131605,333,578,431),(131606,334,580,431),(131607,335,582,431),(131608,336,584,431),(131609,337,585,431),(131610,338,587,431),(131611,339,589,431),(131612,340,591,431),(131613,341,593,431),(131614,342,595,431),(131615,343,597,431),(131616,344,600,431),(131617,345,602,431),(131618,346,604,431),(131619,347,605,431),(131620,348,607,431),(131621,349,609,431),(131622,350,612,431),(131623,351,614,431),(131624,352,616,431),(131625,353,617,431),(131626,354,620,431),(131627,355,622,431),(131628,356,624,431),(131629,357,625,431),(131630,358,627,431),(131631,359,630,431),(131632,360,632,431),(131633,361,633,431),(131634,362,635,431),(131635,363,638,431),(131636,364,640,431),(131637,365,642,431),(131638,366,644,431),(131639,367,646,431),(131640,368,647,431),(131641,369,649,431),(131642,370,651,431),(131643,371,653,431),(131644,372,655,431),(131645,373,657,431),(131646,374,660,431),(131647,375,662,431),(131648,376,664,431),(131649,377,666,431),(131650,378,667,431),(131651,379,669,431),(131652,380,672,431),(131653,381,673,431),(131654,382,675,431),(131655,383,678,431),(131656,384,680,431),(131657,385,681,431),(131658,386,683,431),(131659,387,686,431),(131660,388,688,431),(131661,389,690,431),(131662,390,692,431),(131663,391,693,431),(131664,392,695,431),(131665,394,699,431),(131666,393,697,431),(131667,395,701,431),(131668,396,704,431),(131669,397,706,431),(131670,398,708,431),(131671,399,710,431),(131672,400,711,431),(131673,401,713,431),(131674,402,715,431),(131675,403,717,431),(131676,404,720,431),(131677,405,722,431),(131678,406,724,431),(131679,407,725,431),(131680,408,727,431),(131681,409,730,431),(131682,410,732,431),(131683,411,734,431),(131684,412,735,431),(131685,413,737,431),(131686,414,739,431),(131687,415,742,431),(131688,416,744,431),(131689,417,746,431),(131690,418,747,431),(131691,419,749,431),(131692,420,751,431),(131693,421,753,431),(131694,423,758,431),(131695,422,756,431),(131696,424,759,431),(131697,425,761,431),(131698,426,763,431),(131699,427,766,431),(131700,428,768,431),(131701,429,770,431),(131702,430,771,431),(131703,431,773,431),(131704,432,776,431),(131705,433,778,431),(131706,434,780,431),(131707,435,781,431),(131708,436,783,431),(131709,437,786,431),(131710,438,788,431),(131711,439,790,431),(131712,440,792,431),(131713,441,793,431),(131714,442,795,431),(131715,443,797,431),(131716,444,800,431),(131717,445,802,431),(131718,446,804,431),(131719,447,806,431),(131720,448,807,431),(131721,449,809,431),(131722,450,811,431),(131723,451,813,431),(131724,452,816,431),(131725,453,818,431),(131726,454,820,431),(131727,455,821,431),(131728,456,823,431),(131729,457,825,431),(131730,458,828,431),(131731,459,830,431),(131732,460,831,431),(131733,461,833,431),(131734,462,836,431),(131735,463,838,431),(131736,464,840,431),(131737,465,841,431),(131738,466,843,431),(131739,467,845,431),(131740,468,847,431),(131741,469,850,431),(131742,470,852,431),(131743,471,854,431),(131744,472,855,431),(131745,473,857,431),(131746,474,859,431),(131747,475,861,431),(131748,476,864,431),(131749,477,865,431),(131750,478,868,431),(131751,479,870,431),(131752,480,872,431),(131753,481,874,431),(131754,482,876,431),(131755,483,878,431),(131756,484,880,431),(131757,485,882,431),(131758,486,884,431),(131759,487,886,431),(131760,488,887,431),(131761,489,889,431),(131762,490,891,431),(131763,491,893,431),(131764,492,895,431),(131765,493,897,431),(131766,494,900,431),(131767,495,902,431),(131768,496,904,431),(131769,497,906,431),(131770,498,908,431),(131771,499,909,431),(131772,500,911,431),(131773,501,913,431),(131774,502,915,431),(131775,503,918,431),(131776,504,920,431),(132002,280,472,432),(132003,281,474,432),(132004,282,476,432),(132005,283,478,432),(132006,284,480,432),(132007,295,502,432),(132008,296,504,432),(132009,297,506,432),(132010,298,508,432),(132011,299,510,432),(132012,300,512,432),(132013,301,514,432),(132014,302,516,432),(132015,303,518,432),(132016,285,482,432),(132017,286,484,432),(132018,287,486,432),(132019,304,520,432),(132020,288,488,432),(132021,289,490,432),(132022,305,522,432),(132023,290,492,432),(132024,306,524,432),(132025,291,494,432),(132026,307,526,432),(132027,292,496,432),(132028,308,528,432),(132029,293,498,432),(132030,309,530,432),(132031,294,500,432),(132032,310,532,432),(132033,311,534,432),(132034,326,564,432),(132035,325,562,432),(132036,327,566,432),(132037,312,536,432),(132038,313,538,432),(132039,328,568,432),(132040,329,570,432),(132041,314,540,432),(132042,330,572,432),(132043,315,542,432),(132044,316,544,432),(132045,331,574,432),(132046,332,576,432),(132047,317,546,432),(132048,333,578,432),(132049,318,548,432),(132050,334,580,432),(132051,319,550,432),(132052,335,582,432),(132053,320,552,432),(132054,321,554,432),(132055,337,586,432),(132056,336,584,432),(132057,322,556,432),(132058,338,588,432),(132059,323,558,432),(132060,339,590,432),(132061,324,560,432),(132062,355,622,432),(132063,340,592,432),(132064,356,624,432),(132065,341,594,432),(132066,357,626,432),(132067,342,596,432),(132068,358,628,432),(132069,343,598,432),(132070,359,630,432),(132071,344,600,432),(132072,360,632,432),(132073,345,602,432),(132074,361,634,432),(132075,346,604,432),(132076,362,636,432),(132077,347,606,432),(132078,363,638,432),(132079,348,608,432),(132080,364,640,432),(132081,349,610,432),(132082,365,642,432),(132083,350,612,432),(132084,351,614,432),(132085,367,646,432),(132086,352,616,432),(132087,366,644,432),(132088,368,648,432),(132089,353,618,432),(132090,369,650,432),(132091,354,620,432),(132092,385,682,432),(132093,370,652,432),(132094,387,686,432),(132095,386,684,432),(132096,371,654,432),(132097,372,656,432),(132098,388,688,432),(132099,389,690,432),(132100,390,692,432),(132101,373,658,432),(132102,374,660,432),(132103,375,662,432),(132104,391,694,432),(132105,376,664,432),(132106,392,696,432),(132107,377,666,432),(132108,393,698,432),(132109,378,668,432),(132110,394,700,432),(132111,379,670,432),(132112,395,702,432),(132113,380,672,432),(132114,396,704,432),(132115,381,674,432),(132116,397,706,432),(132117,382,676,432),(132118,398,708,432),(132119,399,710,432),(132120,383,678,432),(132121,384,680,432),(132122,415,742,432),(132123,400,712,432),(132124,416,744,432),(132125,401,714,432),(132126,402,716,432),(132127,417,746,432),(132128,403,718,432),(132129,418,748,432),(132130,404,720,432),(132131,419,750,432),(132132,420,752,432),(132133,405,722,432),(132134,421,754,432),(132135,406,724,432),(132136,422,756,432),(132137,407,726,432),(132138,408,728,432),(132139,424,760,432),(132140,423,758,432),(132141,425,762,432),(132142,410,732,432),(132143,409,730,432),(132144,426,764,432),(132145,427,766,432),(132146,411,734,432),(132147,412,736,432),(132148,428,768,432),(132149,413,738,432),(132150,429,770,432),(132151,414,740,432),(132152,445,802,432),(132153,430,772,432),(132154,446,804,432),(132155,431,774,432),(132156,432,776,432),(132157,447,806,432),(132158,433,778,432),(132159,448,808,432),(132160,449,810,432),(132161,434,780,432),(132162,435,782,432),(132163,450,812,432),(132164,451,814,432),(132165,436,784,432),(132166,452,816,432),(132167,437,786,432),(132168,453,818,432),(132169,438,788,432),(132170,454,820,432),(132171,439,790,432),(132172,455,822,432),(132173,440,792,432),(132174,456,824,432),(132175,441,794,432),(132176,457,826,432),(132177,442,796,432),(132178,458,828,432),(132179,443,798,432),(132180,444,800,432),(132181,459,830,432),(132182,460,832,432),(132183,475,862,432),(132184,476,864,432),(132185,461,834,432),(132186,462,836,432),(132187,477,866,432),(132188,478,868,432),(132189,463,838,432),(132190,464,840,432),(132191,479,870,432),(132192,480,872,432),(132193,465,842,432),(132194,466,844,432),(132195,481,874,432),(132196,482,876,432),(132197,467,846,432),(132198,483,878,432),(132199,468,848,432),(132200,484,880,432),(132201,469,850,432),(132202,485,882,432),(132203,470,852,432),(132204,471,854,432),(132205,486,884,432),(132206,487,886,432),(132207,472,856,432),(132208,488,888,432),(132209,473,858,432),(132210,489,890,432),(132211,474,860,432),(132212,490,892,432),(132213,491,894,432),(132214,492,896,432),(132215,493,898,432),(132216,494,900,432),(132217,495,902,432),(132218,496,904,432),(132219,497,906,432),(132220,498,908,432),(132221,499,910,432),(132222,500,912,432),(132223,501,914,432),(132224,502,916,432),(132225,503,918,432),(132226,504,920,432),(132227,280,472,433),(132228,281,474,433),(132229,282,476,433),(132230,283,478,433),(132231,284,480,433),(132232,285,482,433),(132233,286,484,433),(132234,287,486,433),(132235,288,488,433),(132236,289,490,433),(132237,290,492,433),(132238,291,494,433),(132239,292,496,433),(132240,293,498,433),(132241,294,500,433),(132242,295,502,433),(132243,296,504,433),(132244,297,506,433),(132245,298,508,433),(132246,299,510,433),(132247,300,512,433),(132248,301,514,433),(132249,302,516,433),(132250,303,518,433),(132251,304,520,433),(132252,305,522,433),(132253,306,524,433),(132254,307,526,433),(132255,308,528,433),(132256,309,530,433),(132257,310,532,433),(132258,311,534,433),(132259,312,536,433),(132260,313,538,433),(132261,314,540,433),(132262,315,542,433),(132263,316,544,433),(132264,317,546,433),(132265,318,548,433),(132266,319,550,433),(132267,320,552,433),(132268,321,554,433),(132269,322,556,433),(132270,323,558,433),(132271,324,560,433),(132272,325,562,433),(132273,326,564,433),(132274,327,566,433),(132275,328,568,433),(132276,329,570,433),(132277,330,572,433),(132278,331,574,433),(132279,332,576,433),(132280,333,578,433),(132281,334,580,433),(132282,335,582,433),(132283,336,584,433),(132284,337,586,433),(132285,338,588,433),(132286,339,590,433),(132287,340,592,433),(132288,341,594,433),(132289,342,596,433),(132290,343,598,433),(132291,344,600,433),(132292,345,602,433),(132293,346,604,433),(132294,347,606,433),(132295,348,608,433),(132296,349,610,433),(132297,350,612,433),(132298,351,614,433),(132299,352,616,433),(132300,353,618,433),(132301,354,620,433),(132302,355,622,433),(132303,356,624,433),(132304,357,626,433),(132305,358,628,433),(132306,359,630,433),(132307,360,632,433),(132308,361,634,433),(132309,362,636,433),(132310,363,638,433),(132311,364,640,433),(132312,365,642,433),(132313,366,644,433),(132314,367,646,433),(132315,368,648,433),(132316,369,650,433),(132317,370,652,433),(132318,371,654,433),(132319,372,656,433),(132320,373,658,433),(132321,374,660,433),(132322,375,662,433),(132323,376,664,433),(132324,377,666,433),(132325,378,668,433),(132326,379,670,433),(132327,380,672,433),(132328,381,674,433),(132329,382,676,433),(132330,383,678,433),(132331,384,680,433),(132332,385,682,433),(132333,386,684,433),(132334,387,686,433),(132335,388,688,433),(132336,389,690,433),(132337,390,692,433),(132338,391,694,433),(132339,392,696,433),(132340,393,698,433),(132341,394,700,433),(132342,395,702,433),(132343,396,704,433),(132344,397,706,433),(132345,398,708,433),(132346,399,710,433),(132347,400,712,433),(132348,401,714,433),(132349,402,716,433),(132350,403,718,433),(132351,404,720,433),(132352,405,722,433),(132353,406,724,433),(132354,407,726,433),(132355,408,728,433),(132356,409,730,433),(132357,410,732,433),(132358,411,734,433),(132359,412,736,433),(132360,413,738,433),(132361,414,740,433),(132362,415,742,433),(132363,416,744,433),(132364,417,746,433),(132365,418,748,433),(132366,419,750,433),(132367,420,752,433),(132368,421,754,433),(132369,422,756,433),(132370,423,758,433),(132371,424,760,433),(132372,425,762,433),(132373,426,764,433),(132374,427,766,433),(132375,428,768,433),(132376,429,770,433),(132377,430,772,433),(132378,431,774,433),(132379,432,776,433),(132380,433,778,433),(132381,434,780,433),(132382,435,782,433),(132383,436,784,433),(132384,437,786,433),(132385,438,788,433),(132386,439,790,433),(132387,440,792,433),(132388,441,794,433),(132389,442,796,433),(132390,443,798,433),(132391,444,800,433),(132392,445,802,433),(132393,446,804,433),(132394,447,806,433),(132395,448,808,433),(132396,449,810,433),(132397,450,812,433),(132398,451,814,433),(132399,452,816,433),(132400,453,818,433),(132401,454,820,433),(132402,455,822,433),(132403,456,824,433),(132404,457,826,433),(132405,458,828,433),(132406,459,830,433),(132407,460,832,433),(132408,461,834,433),(132409,462,836,433),(132410,463,838,433),(132411,464,840,433),(132412,465,842,433),(132413,466,844,433),(132414,467,846,433),(132415,468,848,433),(132416,469,850,433),(132417,470,852,433),(132418,471,854,433),(132419,472,856,433),(132420,473,858,433),(132421,474,860,433),(132422,475,862,433),(132423,476,864,433),(132424,477,866,433),(132425,478,868,433),(132426,479,870,433),(132427,480,872,433),(132428,481,874,433),(132429,482,876,433),(132430,483,878,433),(132431,484,880,433),(132432,485,882,433),(132433,486,884,433),(132434,487,886,433),(132435,488,888,433),(132436,489,890,433),(132437,490,892,433),(132438,491,894,433),(132439,492,896,433),(132440,493,898,433),(132441,494,900,433),(132442,495,902,433),(132443,496,904,433),(132444,497,906,433),(132445,498,908,433),(132446,499,910,433),(132447,500,912,433),(132448,501,914,433),(132449,502,916,433),(132450,503,918,433),(132451,504,920,433);
/*!40000 ALTER TABLE `choice_member` ENABLE KEYS */;
UNLOCK TABLES;

--
-- Table structure for table `clazz`
--

DROP TABLE IF EXISTS `clazz`;
/*!40101 SET @saved_cs_client     = @@character_set_client */;
/*!40101 SET character_set_client = utf8 */;
CREATE TABLE `clazz` (
  `id` int(11) NOT NULL AUTO_INCREMENT,
  `name` varchar(255) DEFAULT NULL,
  `id_school` int(11) DEFAULT NULL,
  PRIMARY KEY (`id`),
  KEY `id_school` (`id_school`),
  CONSTRAINT `clazz_ibfk_1` FOREIGN KEY (`id_school`) REFERENCES `school` (`id`)
) ENGINE=InnoDB AUTO_INCREMENT=31 DEFAULT CHARSET=utf8mb4;
/*!40101 SET character_set_client = @saved_cs_client */;

--
-- Dumping data for table `clazz`
--

LOCK TABLES `clazz` WRITE;
/*!40000 ALTER TABLE `clazz` DISABLE KEYS */;
INSERT INTO `clazz` VALUES (2,'Master 1',1),(3,'BAC + 3',1),(4,'BAC + 2',1),(5,'BAC + 1',1),(25,'PGE3',1),(26,'PGE2',25),(27,'PGE1',25),(28,'Master 2',1),(29,'DOCTORAT',1);
/*!40000 ALTER TABLE `clazz` ENABLE KEYS */;
UNLOCK TABLES;

--
-- Table structure for table `criterion`
--

DROP TABLE IF EXISTS `criterion`;
/*!40101 SET @saved_cs_client     = @@character_set_client */;
/*!40101 SET character_set_client = utf8 */;
CREATE TABLE `criterion` (
  `id` int(11) NOT NULL AUTO_INCREMENT,
  `name` varchar(255) DEFAULT NULL,
  `ordre` int(11) DEFAULT NULL,
  `id_subcategory1` int(11) DEFAULT NULL,
  `id_subcategory2` int(11) DEFAULT NULL,
  `median` tinyint(1) DEFAULT NULL,
  `result` bigint(20) DEFAULT NULL,
  `id_category` int(11) DEFAULT NULL,
  PRIMARY KEY (`id`),
  KEY `id_subcategory1` (`id_subcategory1`),
  KEY `id_subcategory2` (`id_subcategory2`),
  KEY `id_category` (`id_category`),
  CONSTRAINT `criterion_ibfk_1` FOREIGN KEY (`id_subcategory1`) REFERENCES `subcategory` (`id`),
  CONSTRAINT `criterion_ibfk_2` FOREIGN KEY (`id_subcategory2`) REFERENCES `subcategory` (`id`),
  CONSTRAINT `criterion_ibfk_3` FOREIGN KEY (`id_category`) REFERENCES `category` (`id`)
) ENGINE=InnoDB AUTO_INCREMENT=81 DEFAULT CHARSET=latin1;
/*!40101 SET character_set_client = @saved_cs_client */;

--
-- Dumping data for table `criterion`
--

LOCK TABLES `criterion` WRITE;
/*!40000 ALTER TABLE `criterion` DISABLE KEYS */;
INSERT INTO `criterion` VALUES (1,'Efficacité',NULL,NULL,NULL,0,0,NULL),(2,'Combativité',NULL,NULL,NULL,0,0,NULL),(3,'Promouvance',NULL,NULL,NULL,0,0,NULL),(4,'Esprit de découverte',NULL,NULL,NULL,0,0,NULL),(5,'Analyse',NULL,NULL,NULL,0,0,NULL),(6,'Prévoyance',NULL,NULL,NULL,0,0,NULL),(7,'Esprit critique',NULL,NULL,NULL,0,0,NULL),(8,'Esprit d équipe',NULL,NULL,NULL,0,0,NULL),(9,'Rondeur Relationnelle',NULL,NULL,NULL,0,0,NULL),(10,'Empathie',NULL,NULL,NULL,0,0,NULL),(11,'Decision',NULL,NULL,NULL,0,0,NULL),(12,'Audace',NULL,NULL,NULL,0,0,NULL),(13,'Persuasion',NULL,NULL,NULL,0,0,NULL),(14,'Autonomie',NULL,NULL,NULL,0,0,NULL),(15,'Réactivité',NULL,NULL,NULL,0,0,NULL),(16,'Adaptabilité',NULL,NULL,NULL,0,0,NULL),(17,'Intuition',NULL,NULL,NULL,0,0,NULL),(18,'Curiosité',NULL,NULL,NULL,0,0,NULL),(19,'Efficacité',2,17,20,0,7,19),(20,'Combativité',3,17,18,0,7,19),(21,'Promouvance',4,17,19,0,7,19),(22,'Esprit de découverte',11,20,19,0,6,20),(23,'Analyse',3,20,21,0,6,20),(24,'Prévoyance',10,19,21,0,6,20),(25,'Esprit critique',4,27,21,0,7,20),(26,'Esprit d équipe',9,15,23,0,5,18),(28,'Empathie',7,15,16,0,4,18),(29,'Decision',6,18,22,0,6,19),(30,'Audace',7,18,23,0,6,19),(31,'Persuasion',11,14,25,0,6,19),(32,'Autonomie',8,17,27,0,7,19),(33,'Réactivité',9,26,NULL,1,6,19),(34,'Adaptabilité',6,22,23,0,6,21),(35,'Intuition',10,24,22,0,6,21),(36,'Curiosité',8,18,19,0,6,21),(37,'Activité',1,17,NULL,0,8,19),(38,'Esprit d\'entreprise',5,18,NULL,0,6,19),(39,'Leadership',10,25,NULL,0,6,19),(40,'Simplicité',12,17,13,0,5,19),(41,'Reflexion',1,20,NULL,0,6,20),(42,'Objectivité',2,21,NULL,0,7,20),(43,'Méthode',5,20,26,0,6,20),(44,'Méticulosité',6,19,27,1,6,20),(45,'Tacticité',7,13,NULL,1,9,20),(46,'Prudence',8,17,23,1,6,20),(47,'Discipline',9,25,27,1,5,20),(48,'Confiance en soi',1,22,NULL,0,6,21),(49,'Optimisme',2,23,NULL,0,6,21),(50,'Sensibilité',3,24,NULL,0,7,21),(51,'Rationalité',4,24,NULL,1,5,21),(52,'Lucidité',5,23,NULL,1,6,21),(53,'Créativité',7,19,NULL,0,6,21),(54,'Maitrise de soi',9,26,NULL,0,6,21),(55,'Sociabilité',1,15,NULL,0,4,18),(56,'Diplomatie',2,14,NULL,0,6,18),(57,'Transparence',3,13,NULL,0,3,18),(58,'Tolérance',4,16,NULL,0,5,18),(59,'Indépendance',5,27,NULL,0,7,18),(60,'Conformité sociale',6,27,NULL,1,5,18),(61,'Animation',8,17,14,0,7,18),(62,'Négociation',10,18,14,0,6,18);
/*!40000 ALTER TABLE `criterion` ENABLE KEYS */;
UNLOCK TABLES;

--
-- Table structure for table `criterion_result`
--

DROP TABLE IF EXISTS `criterion_result`;
/*!40101 SET @saved_cs_client     = @@character_set_client */;
/*!40101 SET character_set_client = utf8 */;
CREATE TABLE `criterion_result` (
  `id` int(11) NOT NULL AUTO_INCREMENT,
  `id_member` int(11) DEFAULT NULL,
  `id_test` int(11) DEFAULT NULL,
  `id_criterion` int(11) DEFAULT NULL,
  `result` bigint(20) DEFAULT NULL,
  PRIMARY KEY (`id`),
  KEY `id_member` (`id_member`),
  KEY `id_test` (`id_test`),
  KEY `id_criterion` (`id_criterion`),
  CONSTRAINT `criterion_result_ibfk_1` FOREIGN KEY (`id_member`) REFERENCES `member` (`id`),
  CONSTRAINT `criterion_result_ibfk_2` FOREIGN KEY (`id_test`) REFERENCES `test` (`id`),
  CONSTRAINT `criterion_result_ibfk_3` FOREIGN KEY (`id_criterion`) REFERENCES `criterion` (`id`)
) ENGINE=InnoDB AUTO_INCREMENT=3730 DEFAULT CHARSET=utf8mb4;
/*!40101 SET character_set_client = @saved_cs_client */;

--
-- Dumping data for table `criterion_result`
--

LOCK TABLES `criterion_result` WRITE;
/*!40000 ALTER TABLE `criterion_result` DISABLE KEYS */;
INSERT INTO `criterion_result` VALUES (1150,235,167,62,5),(1151,235,167,61,3),(1152,235,167,60,5),(1153,235,167,59,7),(1154,235,167,58,5),(1155,235,167,57,4),(1156,235,167,56,6),(1157,235,167,55,5),(1158,235,167,54,10),(1159,235,167,53,6),(1160,235,167,52,5),(1161,235,167,51,5),(1162,235,167,50,7),(1163,235,167,49,7),(1164,235,167,48,5),(1165,235,167,45,8),(1166,235,167,43,7),(1167,235,167,42,6),(1168,235,167,41,5),(1169,235,167,40,2),(1170,235,167,39,7),(1171,235,167,38,5),(1172,235,167,37,0),(1173,235,167,36,5),(1174,235,167,35,6),(1175,235,167,34,6),(1176,235,167,33,2),(1177,235,167,32,3),(1178,235,167,31,6),(1179,235,167,30,6),(1180,235,167,29,5),(1181,235,167,28,5),(1182,235,167,26,6),(1183,235,167,25,6),(1184,235,167,24,6),(1185,235,167,23,5),(1186,235,167,22,5),(1187,235,167,21,3),(1188,235,167,20,2),(1189,235,167,19,2),(1190,235,167,47,6),(1191,235,167,46,6),(1192,235,167,44,6),(2397,237,167,62,5),(2398,237,167,61,5),(2399,237,167,60,5),(2400,237,167,59,7),(2401,237,167,58,5),(2402,237,167,57,4),(2403,237,167,56,6),(2404,237,167,55,5),(2405,237,167,54,10),(2406,237,167,53,6),(2407,237,167,52,5),(2408,237,167,51,5),(2409,237,167,50,7),(2410,237,167,49,7),(2411,237,167,48,5),(2412,237,167,47,5),(2413,237,167,46,6),(2414,237,167,45,8),(2415,237,167,44,6),(2416,237,167,43,7),(2417,237,167,42,6),(2418,237,167,41,5),(2419,237,167,40,4),(2420,237,167,39,7),(2421,237,167,38,5),(2422,237,167,37,5),(2423,237,167,36,5),(2424,237,167,35,6),(2425,237,167,34,6),(2426,237,167,33,2),(2427,237,167,32,6),(2428,237,167,31,6),(2429,237,167,30,6),(2430,237,167,29,5),(2431,237,167,28,5),(2432,237,167,26,6),(2433,237,167,25,6),(2434,237,167,24,6),(2435,237,167,23,5),(2436,237,167,22,5),(2437,237,167,21,5),(2438,237,167,20,5),(2439,237,167,19,5),(2569,238,167,62,6),(2570,238,167,61,5),(2571,238,167,60,6),(2572,238,167,59,6),(2573,238,167,58,10),(2574,238,167,57,2),(2575,238,167,56,7),(2576,238,167,55,8),(2577,238,167,54,5),(2578,238,167,53,10),(2579,238,167,52,7),(2580,238,167,51,6),(2581,238,167,50,6),(2582,238,167,49,5),(2583,238,167,48,7),(2584,238,167,47,6),(2585,238,167,46,8),(2586,238,167,45,10),(2587,238,167,44,4),(2588,238,167,43,5),(2589,238,167,42,5),(2590,238,167,41,5),(2591,238,167,40,2),(2592,238,167,39,7),(2593,238,167,38,6),(2594,238,167,37,3),(2595,238,167,36,8),(2596,238,167,35,6),(2597,238,167,34,6),(2598,238,167,33,7),(2599,238,167,32,4),(2600,238,167,31,7),(2601,238,167,30,5),(2602,238,167,29,6),(2603,238,167,28,9),(2604,238,167,26,6),(2605,238,167,25,5),(2606,238,167,24,7),(2607,238,167,23,5),(2608,238,167,22,7),(2609,238,167,21,6),(2610,238,167,20,4),(2611,238,167,19,4),(2655,239,167,62,8),(2656,239,167,61,7),(2657,239,167,60,4),(2658,239,167,59,8),(2659,239,167,58,5),(2660,239,167,57,1),(2661,239,167,56,8),(2662,239,167,55,7),(2663,239,167,54,5),(2664,239,167,53,10),(2665,239,167,52,7),(2666,239,167,51,8),(2667,239,167,50,4),(2668,239,167,49,5),(2669,239,167,48,7),(2670,239,167,47,4),(2671,239,167,46,7),(2672,239,167,45,11),(2673,239,167,44,3),(2674,239,167,43,5),(2675,239,167,42,5),(2676,239,167,41,5),(2677,239,167,40,3),(2678,239,167,39,8),(2679,239,167,38,8),(2680,239,167,37,6),(2681,239,167,36,9),(2682,239,167,35,5),(2683,239,167,34,6),(2684,239,167,33,7),(2685,239,167,32,7),(2686,239,167,31,8),(2687,239,167,30,6),(2688,239,167,29,7),(2689,239,167,28,6),(2690,239,167,26,6),(2691,239,167,25,6),(2692,239,167,24,7),(2693,239,167,23,5),(2694,239,167,22,7),(2695,239,167,21,8),(2696,239,167,20,7),(2697,239,167,19,5),(2698,236,167,62,5),(2699,236,167,61,5),(2700,236,167,60,5),(2701,236,167,59,7),(2702,236,167,58,5),(2703,236,167,57,4),(2704,236,167,56,6),(2705,236,167,55,5),(2706,236,167,54,10),(2707,236,167,53,6),(2708,236,167,52,5),(2709,236,167,51,5),(2710,236,167,50,7),(2711,236,167,49,7),(2712,236,167,48,5),(2713,236,167,47,5),(2714,236,167,46,6),(2715,236,167,45,8),(2716,236,167,44,6),(2717,236,167,43,7),(2718,236,167,42,6),(2719,236,167,41,5),(2720,236,167,40,4),(2721,236,167,39,7),(2722,236,167,38,5),(2723,236,167,37,5),(2724,236,167,36,5),(2725,236,167,35,6),(2726,236,167,34,6),(2727,236,167,33,2),(2728,236,167,32,6),(2729,236,167,31,6),(2730,236,167,30,6),(2731,236,167,29,5),(2732,236,167,28,5),(2733,236,167,26,6),(2734,236,167,25,6),(2735,236,167,24,6),(2736,236,167,23,5),(2737,236,167,22,5),(2738,236,167,21,5),(2739,236,167,20,5),(2740,236,167,19,5),(2784,242,167,62,5),(2785,242,167,61,8),(2786,242,167,60,3),(2787,242,167,59,9),(2788,242,167,58,7),(2789,242,167,57,2),(2790,242,167,56,5),(2791,242,167,55,1),(2792,242,167,54,7),(2793,242,167,53,6),(2794,242,167,52,6),(2795,242,167,51,5),(2796,242,167,50,7),(2797,242,167,49,6),(2798,242,167,48,4),(2799,242,167,47,6),(2800,242,167,46,4),(2801,242,167,45,10),(2802,242,167,44,5),(2803,242,167,43,7),(2804,242,167,42,7),(2805,242,167,41,8),(2806,242,167,40,6),(2807,242,167,39,4),(2808,242,167,38,5),(2809,242,167,37,11),(2810,242,167,36,5),(2811,242,167,35,5),(2812,242,167,34,5),(2813,242,167,33,5),(2814,242,167,32,10),(2815,242,167,31,4),(2816,242,167,30,5),(2817,242,167,29,4),(2818,242,167,28,4),(2819,242,167,26,3),(2820,242,167,25,8),(2821,242,167,24,6),(2822,242,167,23,7),(2823,242,167,22,7),(2824,242,167,21,8),(2825,242,167,20,8),(2826,242,167,19,9),(2827,241,167,62,0),(2828,241,167,61,0),(2829,241,167,60,12),(2830,241,167,59,NULL),(2831,241,167,58,NULL),(2832,241,167,57,NULL),(2833,241,167,56,NULL),(2834,241,167,55,NULL),(2835,241,167,54,NULL),(2836,241,167,53,NULL),(2837,241,167,52,12),(2838,241,167,51,12),(2839,241,167,50,NULL),(2840,241,167,49,NULL),(2841,241,167,48,NULL),(2842,241,167,47,12),(2843,241,167,46,12),(2844,241,167,45,12),(2845,241,167,44,12),(2846,241,167,43,0),(2847,241,167,42,NULL),(2848,241,167,41,NULL),(2849,241,167,40,0),(2850,241,167,39,NULL),(2851,241,167,38,NULL),(2852,241,167,37,NULL),(2853,241,167,36,0),(2854,241,167,35,0),(2855,241,167,34,0),(2856,241,167,33,12),(2857,241,167,32,0),(2858,241,167,31,0),(2859,241,167,30,0),(2860,241,167,29,0),(2861,241,167,28,0),(2862,241,167,26,0),(2863,241,167,25,0),(2864,241,167,24,0),(2865,241,167,23,0),(2866,241,167,22,0),(2867,241,167,21,0),(2868,241,167,20,0),(2869,241,167,19,0),(3085,246,167,62,6),(3086,246,167,61,9),(3087,246,167,60,4),(3088,246,167,59,8),(3089,246,167,58,5),(3090,246,167,57,3),(3091,246,167,56,7),(3092,246,167,55,2),(3093,246,167,54,7),(3094,246,167,53,9),(3095,246,167,52,6),(3096,246,167,51,6),(3097,246,167,50,6),(3098,246,167,49,6),(3099,246,167,48,3),(3100,246,167,47,6),(3101,246,167,46,4),(3102,246,167,45,9),(3103,246,167,44,4),(3104,246,167,43,7),(3105,246,167,42,6),(3106,246,167,41,7),(3107,246,167,40,7),(3108,246,167,39,5),(3109,246,167,38,5),(3110,246,167,37,11),(3111,246,167,36,7),(3112,246,167,35,4),(3113,246,167,34,4),(3114,246,167,33,5),(3115,246,167,32,9),(3116,246,167,31,6),(3117,246,167,30,5),(3118,246,167,29,4),(3119,246,167,28,3),(3120,246,167,26,4),(3121,246,167,25,7),(3122,246,167,24,7),(3123,246,167,23,6),(3124,246,167,22,8),(3125,246,167,21,10),(3126,246,167,20,8),(3127,246,167,19,9),(3128,247,167,62,9),(3129,247,167,61,10),(3130,247,167,60,1),(3131,247,167,59,11),(3132,247,167,58,1),(3133,247,167,57,6),(3134,247,167,56,9),(3135,247,167,55,1),(3136,247,167,54,2),(3137,247,167,53,10),(3138,247,167,52,9),(3139,247,167,51,8),(3140,247,167,50,4),(3141,247,167,49,3),(3142,247,167,48,2),(3143,247,167,47,2),(3144,247,167,46,5),(3145,247,167,45,6),(3146,247,167,44,2),(3147,247,167,43,1),(3148,247,167,42,10),(3149,247,167,41,1),(3150,247,167,40,8),(3151,247,167,39,10),(3152,247,167,38,9),(3153,247,167,37,11),(3154,247,167,36,9),(3155,247,167,35,3),(3156,247,167,34,2),(3157,247,167,33,10),(3158,247,167,32,11),(3159,247,167,31,9),(3160,247,167,30,6),(3161,247,167,29,5),(3162,247,167,28,1),(3163,247,167,26,2),(3164,247,167,25,10),(3165,247,167,24,10),(3166,247,167,23,5),(3167,247,167,22,5),(3168,247,167,21,10),(3169,247,167,20,10),(3170,247,167,19,6),(3171,231,167,62,6),(3172,231,167,61,8),(3173,231,167,60,4),(3174,231,167,59,8),(3175,231,167,58,5),(3176,231,167,57,3),(3177,231,167,56,7),(3178,231,167,55,1),(3179,231,167,54,7),(3180,231,167,53,6),(3181,231,167,52,6),(3182,231,167,51,5),(3183,231,167,50,7),(3184,231,167,49,6),(3185,231,167,48,4),(3186,231,167,47,6),(3187,231,167,46,4),(3188,231,167,45,9),(3189,231,167,44,5),(3190,231,167,43,7),(3191,231,167,42,6),(3192,231,167,41,7),(3193,231,167,40,6),(3194,231,167,39,5),(3195,231,167,38,6),(3196,231,167,37,10),(3197,231,167,36,6),(3198,231,167,35,5),(3199,231,167,34,5),(3200,231,167,33,5),(3201,231,167,32,9),(3202,231,167,31,6),(3203,231,167,30,6),(3204,231,167,29,5),(3205,231,167,28,3),(3206,231,167,26,3),(3207,231,167,25,7),(3208,231,167,24,6),(3209,231,167,23,6),(3210,231,167,22,6),(3211,231,167,21,8),(3212,231,167,20,8),(3213,231,167,19,8),(3472,248,167,62,5),(3473,248,167,61,5),(3474,248,167,60,5),(3475,248,167,59,7),(3476,248,167,58,5),(3477,248,167,57,4),(3478,248,167,56,6),(3479,248,167,55,5),(3480,248,167,54,10),(3481,248,167,53,6),(3482,248,167,52,5),(3483,248,167,51,5),(3484,248,167,50,7),(3485,248,167,49,7),(3486,248,167,48,5),(3487,248,167,47,5),(3488,248,167,46,6),(3489,248,167,45,8),(3490,248,167,44,6),(3491,248,167,43,7),(3492,248,167,42,6),(3493,248,167,41,5),(3494,248,167,40,4),(3495,248,167,39,7),(3496,248,167,38,5),(3497,248,167,37,5),(3498,248,167,36,5),(3499,248,167,35,6),(3500,248,167,34,6),(3501,248,167,33,2),(3502,248,167,32,6),(3503,248,167,31,6),(3504,248,167,30,6),(3505,248,167,29,5),(3506,248,167,28,5),(3507,248,167,26,6),(3508,248,167,25,6),(3509,248,167,24,6),(3510,248,167,23,5),(3511,248,167,22,5),(3512,248,167,21,5),(3513,248,167,20,5),(3514,248,167,19,5),(3687,249,167,62,6),(3688,249,167,61,7),(3689,249,167,60,5),(3690,249,167,59,7),(3691,249,167,58,5),(3692,249,167,57,3),(3693,249,167,56,6),(3694,249,167,55,4),(3695,249,167,54,6),(3696,249,167,53,6),(3697,249,167,52,6),(3698,249,167,51,5),(3699,249,167,50,7),(3700,249,167,49,6),(3701,249,167,48,6),(3702,249,167,47,6),(3703,249,167,46,5),(3704,249,167,45,9),(3705,249,167,44,6),(3706,249,167,43,6),(3707,249,167,42,7),(3708,249,167,41,6),(3709,249,167,40,5),(3710,249,167,39,6),(3711,249,167,38,6),(3712,249,167,37,8),(3713,249,167,36,6),(3714,249,167,35,6),(3715,249,167,34,6),(3716,249,167,33,6),(3717,249,167,32,7),(3718,249,167,31,6),(3719,249,167,30,6),(3720,249,167,29,6),(3721,249,167,28,4),(3722,249,167,26,5),(3723,249,167,25,7),(3724,249,167,24,6),(3725,249,167,23,6),(3726,249,167,22,6),(3727,249,167,21,7),(3728,249,167,20,7),(3729,249,167,19,7);
/*!40000 ALTER TABLE `criterion_result` ENABLE KEYS */;
UNLOCK TABLES;

--
-- Table structure for table `etalonnage`
--

DROP TABLE IF EXISTS `etalonnage`;
/*!40101 SET @saved_cs_client     = @@character_set_client */;
/*!40101 SET character_set_client = utf8 */;
CREATE TABLE `etalonnage` (
  `id` int(11) NOT NULL AUTO_INCREMENT,
  `lower_bound` varchar(255) DEFAULT NULL,
  `upper_bound` varchar(255) DEFAULT NULL,
  `value` varchar(255) DEFAULT NULL,
  `id_subcategory` int(11) DEFAULT NULL,
  PRIMARY KEY (`id`),
  KEY `id_subcategory` (`id_subcategory`),
  CONSTRAINT `etalonnage_ibfk_1` FOREIGN KEY (`id_subcategory`) REFERENCES `subcategory` (`id`)
) ENGINE=InnoDB AUTO_INCREMENT=576 DEFAULT CHARSET=utf8mb4;
/*!40101 SET character_set_client = @saved_cs_client */;

--
-- Dumping data for table `etalonnage`
--

LOCK TABLES `etalonnage` WRITE;
/*!40000 ALTER TABLE `etalonnage` DISABLE KEYS */;
INSERT INTO `etalonnage` VALUES (268,'1','5','1',25),(269,'6','7','2',25),(270,'8','9','3',25),(271,'10','11','4',25),(272,'12','13','5',25),(273,'14','16','6',25),(274,'17','18','7',25),(275,'19','20','8',25),(276,'21','21','9',25),(277,'22','23','10',25),(278,'24','100','11',25),(301,'1','10','1',13),(302,'11','13','2',13),(303,'14','16','3',13),(304,'17','18','4',13),(305,'19','20','5',13),(306,'21','22','6',13),(307,'23','24','7',13),(308,'25','25','8',13),(309,'26','26','9',13),(310,'27','27','10',13),(311,'28','100','11',13),(323,'1','8','1',14),(324,'9','9','2',14),(325,'10','11','3',14),(326,'12','12','4',14),(327,'13','14','5',14),(328,'15','16','6',14),(329,'17','18','7',14),(330,'19','20','8',14),(331,'21','22','9',14),(332,'23','24','10',14),(333,'25','100','11',14),(345,'1','11','1',15),(346,'12','13','2',15),(347,'14','14','3',15),(348,'15','15','4',15),(349,'16','17','5',15),(350,'18','19','6',15),(351,'20','21','7',15),(352,'22','22','8',15),(353,'23','23','9',15),(354,'24','24','10',15),(355,'25','100','11',15),(367,'1','9','1',16),(368,'10','11','2',16),(369,'12','12','3',16),(370,'13','13','4',16),(371,'14','15','5',16),(372,'16','17','6',16),(373,'18','19','7',16),(374,'20','20','8',16),(375,'21','21','9',16),(376,'22','23','10',16),(377,'24','100','11',16),(378,'1','4','1',27),(379,'5','5','2',27),(380,'6','6','3',27),(381,'7','7','4',27),(382,'8','9','5',27),(383,'10','11','6',27),(384,'12','15','7',27),(385,'16','17','8',27),(386,'18','19','9',27),(387,'20','21','10',27),(388,'22','100','11',27),(400,'1','4','1',17),(401,'5','5','2',17),(402,'6','7','3',17),(403,'8','8','4',17),(404,'9','10','5',17),(405,'11','12','6',17),(406,'13','14','7',17),(407,'15','15','8',17),(408,'16','16','9',17),(409,'17','18','10',17),(410,'19','100','11',17),(422,'1','8','1',18),(423,'9','9','2',18),(424,'10','10','3',18),(425,'11','11','4',18),(426,'12','13','5',18),(427,'14','16','6',18),(428,'17','19','7',18),(429,'20','21','8',18),(430,'22','23','9',18),(431,'24','25','10',18),(432,'26','100','11',18),(444,'1','5','1',19),(445,'6','7','2',19),(446,'8','9','3',19),(447,'10','11','4',19),(448,'12','13','5',19),(449,'14','15','6',19),(450,'16','17','7',19),(451,'18','19','8',19),(452,'20','21','9',19),(453,'22','24','10',19),(454,'25','100','11',19),(466,'1','8','1',20),(467,'9','9','2',20),(468,'10','11','3',20),(469,'12','12','4',20),(470,'13','14','5',20),(471,'15','16','6',20),(472,'17','18','7',20),(473,'19','20','8',20),(474,'21','21','9',20),(475,'22','25','10',20),(476,'26','100','11',20),(477,'1','3','1',26),(478,'4','6','2',26),(479,'7','8','3',26),(480,'9','10','4',26),(481,'11','12','5',26),(482,'13','15','6',26),(483,'16','17','7',26),(484,'18','18','8',26),(485,'19','19','9',26),(486,'20','21','10',26),(487,'22','100','11',26),(499,'1','7','1',21),(500,'8','8','2',21),(501,'9','9','3',21),(502,'10','10','4',21),(503,'11','12','5',21),(504,'13','14','6',21),(505,'15','16','7',21),(506,'17','18','8',21),(507,'19','20','9',21),(508,'21','23','10',21),(509,'24','100','11',21),(510,'1','5','1',22),(511,'6','8','2',22),(512,'9','10','3',22),(513,'11','12','4',22),(514,'13','14','5',22),(515,'15','16','6',22),(516,'17','18','7',22),(517,'19','19','8',22),(518,'20','20','9',22),(519,'21','22','10',22),(520,'23','100','11',22),(543,'1','4','1',23),(544,'5','6','2',23),(545,'7','8','3',23),(546,'9','10','4',23),(547,'11','13','5',23),(548,'14','15','6',23),(549,'16','17','7',23),(550,'18','19','8',23),(551,'20','21','9',23),(552,'22','23','10',23),(553,'24','100','11',23),(554,'1','1','1',24),(555,'2','3','2',24),(556,'4','5','3',24),(557,'6','8','4',24),(558,'9','11','5',24),(559,'12','14','6',24),(560,'15','17','7',24),(561,'18','20','8',24),(562,'21','23','9',24),(563,'24','25','10',24),(564,'26','100','11',24);
/*!40000 ALTER TABLE `etalonnage` ENABLE KEYS */;
UNLOCK TABLES;

--
-- Table structure for table `manuel_answer`
--

DROP TABLE IF EXISTS `manuel_answer`;
/*!40101 SET @saved_cs_client     = @@character_set_client */;
/*!40101 SET character_set_client = utf8 */;
CREATE TABLE `manuel_answer` (
  `id` int(11) NOT NULL AUTO_INCREMENT,
  `response` varchar(255) DEFAULT NULL,
  `id_test` int(11) DEFAULT NULL,
  `id_subcategory` int(11) DEFAULT NULL,
  `id_member` int(11) DEFAULT NULL,
  `result` bigint(20) DEFAULT NULL,
  `etallonage_result` bigint(20) DEFAULT NULL,
  PRIMARY KEY (`id`),
  KEY `id_subcategory` (`id_subcategory`),
  KEY `id_test` (`id_test`),
  KEY `id_member` (`id_member`),
  CONSTRAINT `manuel_answer_ibfk_1` FOREIGN KEY (`id_subcategory`) REFERENCES `subcategory` (`id`),
  CONSTRAINT `manuel_answer_ibfk_2` FOREIGN KEY (`id_test`) REFERENCES `test` (`id`),
  CONSTRAINT `manuel_answer_ibfk_3` FOREIGN KEY (`id_member`) REFERENCES `member` (`id`)
) ENGINE=InnoDB AUTO_INCREMENT=3022 DEFAULT CHARSET=utf8mb4;
/*!40101 SET character_set_client = @saved_cs_client */;

--
-- Dumping data for table `manuel_answer`
--

LOCK TABLES `manuel_answer` WRITE;
/*!40000 ALTER TABLE `manuel_answer` DISABLE KEYS */;
INSERT INTO `manuel_answer` VALUES (2731,'1',167,25,231,12,5),(2732,'2',167,15,231,11,1),(2733,'1',167,13,231,15,3),(2734,'8',167,23,231,14,6),(2735,'4',167,17,231,17,10),(2736,'5',167,20,231,18,7),(2737,'2',167,14,231,17,7),(2738,'8',167,24,231,16,7),(2739,'4',167,18,231,16,6),(2740,'7',167,22,231,12,4),(2741,'7',167,21,231,14,6),(2742,'3',167,16,231,14,5),(2743,'3',167,27,231,17,8),(2744,'6',167,26,231,17,7),(2745,'5',167,19,231,15,6),(2746,'3',152,17,232,14,7),(2747,'2',152,15,232,12,2),(2748,'8',152,24,232,8,4),(2749,'1',152,14,232,12,4),(2750,'7',152,22,232,11,4),(2751,'5',152,20,232,10,3),(2752,'8',152,23,232,16,7),(2753,'1',152,13,232,15,3),(2754,'4',152,19,232,15,6),(2755,'6',152,18,232,11,4),(2756,'6',152,21,232,12,5),(2757,'2',152,16,232,8,1),(2758,'2',152,17,233,24,11),(2759,'2',152,15,233,16,5),(2760,'7',152,24,233,22,9),(2761,'1',152,14,233,24,10),(2762,'5',152,22,233,28,11),(2763,'4',152,20,233,28,11),(2764,'6',152,23,233,26,11),(2765,'1',152,13,233,24,7),(2766,'3',152,19,233,26,11),(2767,'3',152,18,233,24,10),(2768,'5',152,21,233,20,9),(2769,'2',152,16,233,26,11),(2770,NULL,152,13,234,12,NULL),(2771,NULL,152,14,234,12,NULL),(2772,NULL,152,15,234,12,NULL),(2773,NULL,152,16,234,12,NULL),(2774,NULL,152,17,234,12,NULL),(2775,NULL,152,18,234,12,NULL),(2776,NULL,152,19,234,12,NULL),(2777,NULL,152,20,234,12,NULL),(2778,NULL,152,21,234,12,NULL),(2779,NULL,152,22,234,12,NULL),(2780,NULL,152,23,234,12,NULL),(2781,NULL,152,24,234,12,NULL),(2782,'1',167,13,235,17,4),(2783,'1',167,14,235,15,6),(2784,'2',167,15,235,17,5),(2785,'2',167,16,235,14,5),(2786,'3',167,17,235,10,0),(2787,'3',167,18,235,13,5),(2788,'3',167,19,235,14,6),(2789,'4',167,20,235,14,5),(2790,'4',167,21,235,13,6),(2791,'5',167,22,235,14,5),(2792,'5',167,23,235,16,7),(2793,'5',167,24,235,16,7),(2794,'1',167,25,235,17,7),(2795,'4',167,26,235,20,10),(2796,'2',167,27,235,15,7),(2797,'1',167,13,236,17,4),(2798,'1',167,14,236,15,6),(2799,'2',167,15,236,17,5),(2800,'2',167,16,236,14,5),(2801,'3',167,17,236,10,5),(2802,'3',167,18,236,13,5),(2803,'3',167,19,236,14,6),(2804,'4',167,20,236,14,5),(2805,'4',167,21,236,13,6),(2806,'5',167,22,236,14,5),(2807,'5',167,23,236,16,7),(2808,'5',167,24,236,16,7),(2809,'1',167,25,236,17,7),(2810,'4',167,26,236,20,10),(2811,'2',167,27,236,15,7),(2812,'1',167,13,237,17,4),(2813,'1',167,14,237,15,6),(2814,'2',167,15,237,17,5),(2815,'2',167,16,237,14,5),(2816,'3',167,17,237,10,5),(2817,'3',167,18,237,13,5),(2818,'3',167,19,237,14,6),(2819,'4',167,20,237,14,5),(2820,'4',167,21,237,13,6),(2821,'5',167,22,237,14,5),(2822,'5',167,23,237,16,7),(2823,'5',167,24,237,16,7),(2824,'1',167,25,237,17,7),(2825,'4',167,26,237,20,10),(2826,'2',167,27,237,15,7),(2827,'4',167,13,238,11,2),(2828,'6',167,14,238,17,7),(2829,'5',167,15,238,22,8),(2830,'8',167,16,238,23,10),(2831,'7',167,17,238,7,3),(2832,'8',167,18,238,16,6),(2833,'10',167,19,238,22,10),(2834,'9',167,20,238,14,5),(2835,'4',167,21,238,11,5),(2836,'7',167,22,238,17,7),(2837,'7',167,23,238,12,5),(2838,'7',167,24,238,14,6),(2839,'7',167,25,238,17,7),(2840,'6',167,26,238,12,5),(2841,'9',167,27,238,10,6),(2842,'4',167,13,239,5,1),(2843,'6',167,14,239,20,8),(2844,'6',167,15,239,20,7),(2845,'9',167,16,239,14,5),(2846,'4',167,17,239,11,6),(2847,'8',167,18,239,20,8),(2848,'9',167,19,239,24,10),(2849,'9',167,20,239,14,5),(2850,'5',167,21,239,11,5),(2851,'7',167,22,239,18,7),(2852,'7',167,23,239,13,5),(2853,'7',167,24,239,7,4),(2854,'7',167,25,239,19,8),(2855,'5',167,26,239,12,5),(2856,'9',167,27,239,17,8),(2857,'1',167,13,240,15,NULL),(2858,'1',167,14,240,15,NULL),(2859,'1',167,15,240,15,NULL),(2860,'1',167,16,240,15,NULL),(2861,'1',167,17,240,15,NULL),(2862,'1',167,18,240,15,NULL),(2863,'1',167,19,240,15,NULL),(2864,'1',167,20,240,15,NULL),(2865,'1',167,21,240,15,NULL),(2866,'1',167,22,240,15,NULL),(2867,'1',167,23,240,15,NULL),(2868,'1',167,24,240,15,NULL),(2869,'1',167,25,240,15,NULL),(2870,'1',167,26,240,15,NULL),(2871,'1',167,27,240,15,NULL),(2872,'1',167,13,241,15,NULL),(2873,'2',167,14,241,15,NULL),(2874,'2',167,15,241,15,NULL),(2875,'3',167,16,241,15,NULL),(2876,'3',167,17,241,15,NULL),(2877,'4',167,18,241,15,NULL),(2878,'4',167,19,241,15,NULL),(2879,'5',167,20,241,15,NULL),(2880,'6',167,21,241,15,NULL),(2881,'6',167,22,241,15,NULL),(2882,'6',167,23,241,15,NULL),(2883,'6',167,24,241,15,NULL),(2884,'1',167,25,241,15,NULL),(2885,'5',167,26,241,15,NULL),(2886,'3',167,27,241,15,NULL),(2887,'1',167,13,242,11,2),(2888,'2',167,14,242,14,5),(2889,'2',167,15,242,11,1),(2890,'3',167,16,242,19,7),(2891,'3',167,17,242,20,11),(2892,'4',167,18,242,12,5),(2893,'4',167,19,242,15,6),(2894,'5',167,20,242,20,8),(2895,'5',167,21,242,15,7),(2896,'6',167,22,242,11,4),(2897,'6',167,23,242,15,6),(2898,'6',167,24,242,15,7),(2899,'1',167,25,242,11,4),(2900,'5',167,26,242,17,7),(2901,'3',167,27,242,19,9),(2902,'1',167,13,243,12,2),(2903,'1',167,14,243,17,7),(2904,'2',167,15,243,12,2),(2905,'2',167,16,243,10,2),(2906,'4',167,17,243,17,10),(2907,'4',167,18,243,19,7),(2908,'4',167,19,243,17,7),(2909,'6',167,20,243,20,8),(2910,'6',167,21,243,13,6),(2911,'8',167,22,243,11,4),(2912,'8',167,23,243,13,5),(2913,'8',167,24,243,19,8),(2914,'1',167,25,243,12,5),(2915,'6',167,26,243,17,7),(2916,'2',167,27,243,16,8),(2917,'1',167,13,244,15,NULL),(2918,'1',167,14,244,15,NULL),(2919,'2',167,15,244,15,NULL),(2920,'2',167,16,244,15,NULL),(2921,'3',167,17,244,15,NULL),(2922,'3',167,18,244,15,NULL),(2923,'3',167,19,244,15,NULL),(2924,'5',167,20,244,15,NULL),(2925,'5',167,21,244,15,NULL),(2926,'6',167,22,244,15,NULL),(2927,'6',167,23,244,15,NULL),(2928,'6',167,24,244,15,NULL),(2929,'1',167,25,244,15,NULL),(2930,'5',167,26,244,15,NULL),(2931,'2',167,27,244,15,NULL),(2932,'1',167,13,245,15,3),(2933,'1',167,14,245,17,7),(2934,'2',167,15,245,11,1),(2935,'2',167,16,245,19,7),(2936,'3',167,17,245,18,10),(2937,'3',167,18,245,14,6),(2938,'3',167,19,245,16,7),(2939,'4',167,20,245,15,6),(2940,'4',167,21,245,15,7),(2941,'5',167,22,245,14,5),(2942,'5',167,23,245,17,7),(2943,'5',167,24,245,8,4),(2944,'1',167,25,245,15,6),(2945,'4',167,26,245,14,6),(2946,'2',167,27,245,17,8),(2947,'1',167,13,246,14,3),(2948,'1',167,14,246,17,7),(2949,'2',167,15,246,13,2),(2950,'2',167,16,246,14,5),(2951,'3',167,17,246,20,11),(2952,'3',167,18,246,13,5),(2953,'3',167,19,246,20,9),(2954,'4',167,20,246,17,7),(2955,'4',167,21,246,13,6),(2956,'5',167,22,246,10,3),(2957,'5',167,23,246,15,6),(2958,'5',167,24,246,14,6),(2959,'1',167,25,246,12,5),(2960,'4',167,26,246,16,7),(2961,'2',167,27,246,17,8),(2962,'6',167,13,247,22,6),(2963,'6',167,14,247,22,9),(2964,'6',167,15,247,7,1),(2965,'6',167,16,247,7,1),(2966,'6',167,17,247,22,11),(2967,'6',167,18,247,22,9),(2968,'6',167,19,247,22,10),(2969,'6',167,20,247,7,1),(2970,'6',167,21,247,22,10),(2971,'6',167,22,247,7,2),(2972,'6',167,23,247,8,3),(2973,'6',167,24,247,7,4),(2974,'6',167,25,247,22,10),(2975,'6',167,26,247,6,2),(2976,'6',167,27,247,22,11),(2977,'1',167,13,248,17,4),(2978,'1',167,14,248,15,6),(2979,'2',167,15,248,17,5),(2980,'2',167,16,248,14,5),(2981,'3',167,17,248,10,5),(2982,'3',167,18,248,13,5),(2983,'3',167,19,248,14,6),(2984,'4',167,20,248,14,5),(2985,'4',167,21,248,13,6),(2986,'4',167,22,248,14,5),(2987,'5',167,23,248,16,7),(2988,'5',167,24,248,16,7),(2989,'1',167,25,248,17,7),(2990,'4',167,26,248,20,10),(2991,'2',167,27,248,15,7),(2992,'6',167,13,249,15,3),(2993,'6',167,14,249,15,6),(2994,'6',167,15,249,15,4),(2995,'6',167,16,249,15,5),(2996,'6',167,17,249,15,8),(2997,'6',167,18,249,15,6),(2998,'6',167,19,249,15,6),(2999,'6',167,20,249,15,6),(3000,'6',167,21,249,15,7),(3001,'6',167,22,249,15,6),(3002,'6',167,23,249,15,6),(3003,'6',167,24,249,15,7),(3004,'6',167,25,249,15,6),(3005,'6',167,26,249,15,6),(3006,'6',167,27,249,15,7),(3007,NULL,167,13,250,15,NULL),(3008,NULL,167,14,250,15,NULL),(3009,NULL,167,15,250,15,NULL),(3010,'4',167,16,250,15,NULL),(3011,'4',167,17,250,15,NULL),(3012,'4',167,18,250,15,NULL),(3013,'4',167,19,250,15,NULL),(3014,'3',167,20,250,15,NULL),(3015,'3',167,21,250,15,NULL),(3016,'2',167,22,250,15,NULL),(3017,'1',167,23,250,15,NULL),(3018,'1',167,24,250,15,NULL),(3019,NULL,167,25,250,15,NULL),(3020,'3',167,26,250,15,NULL),(3021,'4',167,27,250,15,NULL);
/*!40000 ALTER TABLE `manuel_answer` ENABLE KEYS */;
UNLOCK TABLES;

--
-- Table structure for table `member`
--

DROP TABLE IF EXISTS `member`;
/*!40101 SET @saved_cs_client     = @@character_set_client */;
/*!40101 SET character_set_client = utf8 */;
CREATE TABLE `member` (
  `id` int(11) NOT NULL AUTO_INCREMENT,
  `firstname` varchar(255) DEFAULT NULL,
  `lastname` varchar(255) DEFAULT NULL,
  `email` varchar(255) DEFAULT NULL,
  `age` varchar(255) DEFAULT NULL,
  `pseudo` varchar(255) DEFAULT NULL,
  `password` varchar(255) DEFAULT NULL,
  `civility` varchar(255) DEFAULT NULL,
  `id_school` int(11) DEFAULT NULL,
  `id_clazz` int(11) DEFAULT NULL,
  `role` varchar(255) DEFAULT NULL,
  `city` varchar(255) DEFAULT NULL,
  `study_level` varchar(255) DEFAULT NULL,
  `sexe` varchar(255) DEFAULT NULL,
  PRIMARY KEY (`id`),
  KEY `id_school` (`id_school`),
  KEY `id_clazz` (`id_clazz`),
  CONSTRAINT `member_ibfk_1` FOREIGN KEY (`id_school`) REFERENCES `school` (`id`),
  CONSTRAINT `member_ibfk_2` FOREIGN KEY (`id_clazz`) REFERENCES `clazz` (`id`)
) ENGINE=InnoDB AUTO_INCREMENT=251 DEFAULT CHARSET=utf8mb4;
/*!40101 SET character_set_client = @saved_cs_client */;

--
-- Dumping data for table `member`
--

LOCK TABLES `member` WRITE;
/*!40000 ALTER TABLE `member` DISABLE KEYS */;
INSERT INTO `member` VALUES (230,NULL,NULL,NULL,NULL,'admin','admin',NULL,NULL,NULL,'admin',NULL,NULL,NULL),(231,'aaaa','aaa','ameni@yahoo.fr','20',NULL,NULL,NULL,25,5,NULL,'tunis',NULL,'femme'),(232,'ameni','ameni','ameni@yahoo.fr','30',NULL,NULL,NULL,25,5,NULL,'tunis',NULL,'femme'),(233,'ameni','ameni','ameni@yahoo.fr','30',NULL,NULL,NULL,1,4,NULL,'tunis',NULL,'femme'),(234,'Oussama','Oussama','toutou@yahoo.fr','22',NULL,NULL,NULL,1,3,NULL,'tunis',NULL,'homme'),(235,'Oussama','Oussama','oussama@yahoo.fr','22',NULL,NULL,NULL,25,25,NULL,'tunis',NULL,'homme'),(236,'Fedia','Fedia','fedia@yahoo.fr','24',NULL,NULL,NULL,25,5,NULL,'tunis',NULL,'femme'),(237,'slim','slim','slim@yahoo.fr','24',NULL,NULL,NULL,25,5,NULL,'tunis',NULL,'homme'),(238,'annie','mahe','pmahe@hotmail.fr','63',NULL,NULL,NULL,25,28,NULL,'montpellier',NULL,'femme'),(239,'annie','pmah','pmahe@hotmail.fr','63',NULL,NULL,NULL,25,28,NULL,'montpellier',NULL,'femme'),(240,'COURBIER','Hugues','contact@bepepper.com','2',NULL,NULL,NULL,26,29,NULL,'83150 - BANDOL',NULL,'homme'),(241,'ameni','ameni','ameni@yahoo.fr','30',NULL,NULL,NULL,25,5,NULL,'tunis',NULL,'femme'),(242,'imen','imen','imen@yahoo.fr','20',NULL,NULL,NULL,1,5,NULL,'tunis',NULL,'femme'),(243,'slim','slim','slim@yahoo.fr','20',NULL,NULL,NULL,1,5,NULL,'tunis',NULL,'femme'),(244,'karima','karima','karima@yahoo.fr','30',NULL,NULL,NULL,1,5,NULL,'tunis',NULL,'femme'),(245,'karima','karima','karima@yahoo.fr','20',NULL,NULL,NULL,25,5,NULL,'tunis',NULL,'femme'),(246,'amira','amira','amira@yahoo.fr','20',NULL,NULL,NULL,25,4,NULL,'tunis',NULL,'femme'),(247,'annie','mahe','pmahe@hotmail.fr','62',NULL,NULL,NULL,25,28,NULL,'montpellier',NULL,'femme'),(248,'saif','saif','saif@gmail.com','26',NULL,NULL,NULL,25,25,NULL,'tunis',NULL,'homme'),(249,'COURBIER','Hugues','contact@bepepper.com','1',NULL,NULL,NULL,26,28,NULL,'83150 - BANDOL',NULL,'homme'),(250,'jalel','jalel','jalel@gmail.com','20',NULL,NULL,NULL,25,26,NULL,'tunis',NULL,'homme');
/*!40000 ALTER TABLE `member` ENABLE KEYS */;
UNLOCK TABLES;

--
-- Table structure for table `question`
--

DROP TABLE IF EXISTS `question`;
/*!40101 SET @saved_cs_client     = @@character_set_client */;
/*!40101 SET character_set_client = utf8 */;
CREATE TABLE `question` (
  `id` int(11) NOT NULL AUTO_INCREMENT,
  `name` varchar(255) DEFAULT NULL,
  `wording` varchar(255) DEFAULT NULL,
  `value` int(12) DEFAULT NULL,
  `id_test_subcategory` int(11) DEFAULT NULL,
  `ordre` int(11) DEFAULT NULL,
  PRIMARY KEY (`id`),
  KEY `question_test_subcategory_fkey` (`id_test_subcategory`),
  CONSTRAINT `question_test_subcategory_fkey` FOREIGN KEY (`id_test_subcategory`) REFERENCES `test_subcategory` (`id`)
) ENGINE=InnoDB AUTO_INCREMENT=738 DEFAULT CHARSET=utf8mb4;
/*!40101 SET character_set_client = @saved_cs_client */;

--
-- Dumping data for table `question`
--

LOCK TABLES `question` WRITE;
/*!40000 ALTER TABLE `question` DISABLE KEYS */;
INSERT INTO `question` VALUES (1,NULL,NULL,1,NULL,1),(2,NULL,NULL,1,NULL,3),(98,'','',1,461,1),(99,'','',1,461,2),(100,'','',1,461,3),(101,'','',1,461,4),(102,'','',1,461,5),(103,'','',1,461,6),(104,'','',1,461,7),(105,'','',1,461,8),(106,'','',1,461,9),(107,'','',1,461,10),(108,'','',1,461,11),(109,'','',1,461,12),(110,'','',2,462,1),(111,'','',2,462,2),(112,'','',2,462,4),(113,'','',2,462,5),(114,'','',2,462,6),(115,'','',2,462,7),(116,'','',2,462,8),(117,'','',2,462,9),(118,'','',2,462,10),(119,'','',2,462,11),(120,'','',2,462,12),(121,'','',1,463,1),(122,'','',1,463,2),(123,'','',1,463,3),(124,'','',1,463,4),(125,'','',1,463,5),(126,'','',1,463,6),(127,'','',1,463,7),(128,'','',1,463,8),(129,'','',1,463,9),(130,'','',1,463,10),(131,'','',1,463,11),(132,'','',1,463,12),(133,'','',1,464,1),(134,'','',1,464,2),(135,'','',1,464,3),(136,'','',1,464,4),(137,'','',1,464,5),(138,'','',1,464,6),(139,'','',1,464,7),(140,'','',1,464,8),(141,'','',1,464,9),(142,'','',1,464,10),(143,'','',1,464,11),(144,'','',1,464,12),(145,'','',1,465,1),(146,'','',1,465,2),(147,'','',1,465,3),(148,'','',1,465,4),(149,'','',1,465,5),(150,'','',1,465,6),(151,'','',1,465,7),(152,'','',1,465,8),(153,'','',1,465,9),(154,'','',1,465,10),(155,'','',1,465,11),(156,'','',1,465,12),(157,'','',1,466,1),(158,'','',1,466,2),(159,'','',1,466,3),(160,'','',1,466,4),(161,'','',1,466,5),(162,'','',1,466,6),(163,'','',1,466,7),(164,'','',1,466,8),(165,'','',1,466,9),(166,'','',1,466,10),(167,'','',1,466,11),(168,'','',1,466,12),(169,'','',1,467,1),(170,'','',1,467,2),(171,'','',1,467,3),(172,'','',1,467,4),(173,'','',1,467,5),(174,'','',1,467,6),(175,'','',1,467,7),(176,'','',1,467,8),(177,'','',1,467,9),(178,'','',1,467,10),(179,'','',1,467,11),(180,'','',1,467,12),(181,'','',1,468,1),(182,'','',1,468,2),(183,'','',1,468,3),(184,'','',1,468,4),(185,'','',1,468,5),(186,'','',1,468,6),(187,'','',1,468,7),(188,'','',1,468,8),(189,'','',1,468,9),(190,'','',1,468,10),(191,'','',1,468,11),(192,'','',1,468,12),(193,'','',1,469,1),(194,'','',1,469,2),(195,'','',1,469,3),(196,'','',1,469,4),(197,'','',1,469,5),(198,'','',1,469,6),(199,'','',1,469,7),(200,'','',1,469,8),(201,'','',1,469,9),(202,'','',1,469,10),(203,'','',1,469,11),(204,'','',1,469,12),(205,'','',1,470,1),(206,'','',1,470,2),(207,'','',1,470,3),(208,'','',1,470,4),(209,'','',1,470,5),(210,'','',1,470,6),(211,'','',1,470,7),(212,'','',1,470,8),(213,'','',1,470,9),(214,'','',1,470,10),(215,'','',1,470,11),(216,'','',1,470,12),(217,'','',1,471,1),(218,'','',1,471,2),(219,'','',1,471,3),(220,'','',1,471,4),(221,'','',1,471,5),(222,'','',1,471,6),(223,'','',1,471,7),(224,'','',1,471,8),(225,'','',1,471,9),(226,'','',1,471,10),(227,'','',1,471,11),(228,'','',1,471,12),(229,'','',1,472,1),(230,'','',1,472,2),(231,'','',1,472,3),(232,'','',1,472,4),(233,'','',1,472,5),(234,'','',1,472,6),(235,'','',1,472,7),(236,'','',1,472,8),(237,'','',1,472,9),(238,'','',1,472,10),(239,'','',1,472,11),(240,'','',1,472,12),(245,NULL,NULL,1,462,3),(264,NULL,NULL,4,NULL,4),(265,NULL,NULL,4,NULL,4),(280,NULL,NULL,NULL,517,1),(281,NULL,NULL,NULL,517,2),(282,NULL,NULL,NULL,517,3),(283,NULL,NULL,NULL,517,4),(284,NULL,NULL,NULL,517,5),(285,NULL,NULL,NULL,517,6),(286,NULL,NULL,NULL,517,7),(287,NULL,NULL,NULL,517,8),(288,NULL,NULL,NULL,517,9),(289,NULL,NULL,NULL,517,10),(290,NULL,NULL,NULL,517,11),(291,NULL,NULL,NULL,517,12),(292,NULL,NULL,NULL,517,13),(293,NULL,NULL,NULL,517,14),(294,NULL,NULL,NULL,517,15),(295,NULL,NULL,NULL,514,1),(296,NULL,NULL,NULL,514,2),(297,NULL,NULL,NULL,514,3),(298,NULL,NULL,NULL,514,4),(299,NULL,NULL,NULL,514,5),(300,NULL,NULL,NULL,514,6),(301,NULL,NULL,NULL,514,7),(302,NULL,NULL,NULL,514,8),(303,NULL,NULL,NULL,514,9),(304,NULL,NULL,NULL,514,10),(305,NULL,NULL,NULL,514,11),(306,NULL,NULL,NULL,514,12),(307,NULL,NULL,NULL,514,13),(308,NULL,NULL,NULL,514,14),(309,NULL,NULL,NULL,514,15),(310,NULL,NULL,NULL,516,1),(311,NULL,NULL,NULL,516,2),(312,NULL,NULL,NULL,516,3),(313,NULL,NULL,NULL,516,4),(314,NULL,NULL,NULL,516,5),(315,NULL,NULL,NULL,516,6),(316,NULL,NULL,NULL,516,7),(317,NULL,NULL,NULL,516,8),(318,NULL,NULL,NULL,516,9),(319,NULL,NULL,NULL,516,10),(320,NULL,NULL,NULL,516,11),(321,NULL,NULL,NULL,516,12),(322,NULL,NULL,NULL,516,13),(323,NULL,NULL,NULL,516,14),(324,NULL,NULL,NULL,516,15),(325,NULL,NULL,NULL,506,1),(326,NULL,NULL,NULL,506,2),(327,NULL,NULL,NULL,506,3),(328,NULL,NULL,NULL,506,4),(329,NULL,NULL,NULL,506,5),(330,NULL,NULL,NULL,506,6),(331,NULL,NULL,NULL,506,7),(332,NULL,NULL,NULL,506,8),(333,NULL,NULL,NULL,506,9),(334,NULL,NULL,NULL,506,10),(335,NULL,NULL,NULL,506,11),(336,NULL,NULL,NULL,506,12),(337,NULL,NULL,NULL,506,13),(338,NULL,NULL,NULL,506,14),(339,NULL,NULL,NULL,506,15),(340,NULL,NULL,NULL,512,1),(341,NULL,NULL,NULL,512,2),(342,NULL,NULL,NULL,512,3),(343,NULL,NULL,NULL,512,4),(344,NULL,NULL,NULL,512,5),(345,NULL,NULL,NULL,512,6),(346,NULL,NULL,NULL,512,7),(347,NULL,NULL,NULL,512,8),(348,NULL,NULL,NULL,512,9),(349,NULL,NULL,NULL,512,10),(350,NULL,NULL,NULL,512,11),(351,NULL,NULL,NULL,512,12),(352,NULL,NULL,NULL,512,13),(353,NULL,NULL,NULL,512,14),(354,NULL,NULL,NULL,512,15),(355,NULL,NULL,NULL,509,1),(356,NULL,NULL,NULL,509,2),(357,NULL,NULL,NULL,509,3),(358,NULL,NULL,NULL,509,4),(359,NULL,NULL,NULL,509,5),(360,NULL,NULL,NULL,509,6),(361,NULL,NULL,NULL,509,7),(362,NULL,NULL,NULL,509,8),(363,NULL,NULL,NULL,509,9),(364,NULL,NULL,NULL,509,10),(365,NULL,NULL,NULL,509,11),(366,NULL,NULL,NULL,509,12),(367,NULL,NULL,NULL,509,13),(368,NULL,NULL,NULL,509,14),(369,NULL,NULL,NULL,509,15),(370,NULL,NULL,NULL,515,1),(371,NULL,NULL,NULL,515,2),(372,NULL,NULL,NULL,515,3),(373,NULL,NULL,NULL,515,4),(374,NULL,NULL,NULL,515,5),(375,NULL,NULL,NULL,515,6),(376,NULL,NULL,NULL,515,7),(377,NULL,NULL,NULL,515,8),(378,NULL,NULL,NULL,515,9),(379,NULL,NULL,NULL,515,10),(380,NULL,NULL,NULL,515,11),(381,NULL,NULL,NULL,515,12),(382,NULL,NULL,NULL,515,13),(383,NULL,NULL,NULL,515,14),(384,NULL,NULL,NULL,515,15),(385,NULL,NULL,NULL,505,1),(386,NULL,NULL,NULL,505,2),(387,NULL,NULL,NULL,505,3),(388,NULL,NULL,NULL,505,4),(389,NULL,NULL,NULL,505,5),(390,NULL,NULL,NULL,505,6),(391,NULL,NULL,NULL,505,7),(392,NULL,NULL,NULL,505,8),(393,NULL,NULL,NULL,505,9),(394,NULL,NULL,NULL,505,10),(395,NULL,NULL,NULL,505,11),(396,NULL,NULL,NULL,505,12),(397,NULL,NULL,NULL,505,13),(398,NULL,NULL,NULL,505,14),(399,NULL,NULL,NULL,505,15),(400,NULL,NULL,NULL,511,1),(401,NULL,NULL,NULL,511,2),(402,NULL,NULL,NULL,511,3),(403,NULL,NULL,NULL,511,4),(404,NULL,NULL,NULL,511,5),(405,NULL,NULL,NULL,511,6),(406,NULL,NULL,NULL,511,7),(407,NULL,NULL,NULL,511,8),(408,NULL,NULL,NULL,511,9),(409,NULL,NULL,NULL,511,10),(410,NULL,NULL,NULL,511,11),(411,NULL,NULL,NULL,511,12),(412,NULL,NULL,NULL,511,13),(413,NULL,NULL,NULL,511,14),(414,NULL,NULL,NULL,511,15),(415,NULL,NULL,NULL,507,1),(416,NULL,NULL,NULL,507,2),(417,NULL,NULL,NULL,507,3),(418,NULL,NULL,NULL,507,4),(419,NULL,NULL,NULL,507,5),(420,NULL,NULL,NULL,507,6),(421,NULL,NULL,NULL,507,7),(422,NULL,NULL,NULL,507,8),(423,NULL,NULL,NULL,507,9),(424,NULL,NULL,NULL,507,10),(425,NULL,NULL,NULL,507,11),(426,NULL,NULL,NULL,507,12),(427,NULL,NULL,NULL,507,13),(428,NULL,NULL,NULL,507,14),(429,NULL,NULL,NULL,507,15),(430,NULL,NULL,NULL,508,1),(431,NULL,NULL,NULL,508,2),(432,NULL,NULL,NULL,508,3),(433,NULL,NULL,NULL,508,4),(434,NULL,NULL,NULL,508,5),(435,NULL,NULL,NULL,508,6),(436,NULL,NULL,NULL,508,7),(437,NULL,NULL,NULL,508,8),(438,NULL,NULL,NULL,508,9),(439,NULL,NULL,NULL,508,10),(440,NULL,NULL,NULL,508,11),(441,NULL,NULL,NULL,508,12),(442,NULL,NULL,NULL,508,13),(443,NULL,NULL,NULL,508,14),(444,NULL,NULL,NULL,508,15),(445,NULL,NULL,NULL,513,1),(446,NULL,NULL,NULL,513,2),(447,NULL,NULL,NULL,513,3),(448,NULL,NULL,NULL,513,4),(449,NULL,NULL,NULL,513,5),(450,NULL,NULL,NULL,513,6),(451,NULL,NULL,NULL,513,7),(452,NULL,NULL,NULL,513,8),(453,NULL,NULL,NULL,513,9),(454,NULL,NULL,NULL,513,10),(455,NULL,NULL,NULL,513,11),(456,NULL,NULL,NULL,513,12),(457,NULL,NULL,NULL,513,13),(458,NULL,NULL,NULL,513,14),(459,NULL,NULL,NULL,513,15),(460,NULL,NULL,NULL,503,1),(461,NULL,NULL,NULL,503,2),(462,NULL,NULL,NULL,503,3),(463,NULL,NULL,NULL,503,4),(464,NULL,NULL,NULL,503,5),(465,NULL,NULL,NULL,503,6),(466,NULL,NULL,NULL,503,7),(467,NULL,NULL,NULL,503,8),(468,NULL,NULL,NULL,503,9),(469,NULL,NULL,NULL,503,10),(470,NULL,NULL,NULL,503,11),(471,NULL,NULL,NULL,503,12),(472,NULL,NULL,NULL,503,13),(473,NULL,NULL,NULL,503,14),(474,NULL,NULL,NULL,503,15),(475,NULL,NULL,NULL,504,1),(476,NULL,NULL,NULL,504,2),(477,NULL,NULL,NULL,504,3),(478,NULL,NULL,NULL,504,4),(479,NULL,NULL,NULL,504,5),(480,NULL,NULL,NULL,504,6),(481,NULL,NULL,NULL,504,7),(482,NULL,NULL,NULL,504,8),(483,NULL,NULL,NULL,504,9),(484,NULL,NULL,NULL,504,10),(485,NULL,NULL,NULL,504,11),(486,NULL,NULL,NULL,504,12),(487,NULL,NULL,NULL,504,13),(488,NULL,NULL,NULL,504,14),(489,NULL,NULL,NULL,504,15),(490,NULL,NULL,NULL,510,1),(491,NULL,NULL,NULL,510,2),(492,NULL,NULL,NULL,510,3),(493,NULL,NULL,NULL,510,4),(494,NULL,NULL,NULL,510,5),(495,NULL,NULL,NULL,510,6),(496,NULL,NULL,NULL,510,7),(497,NULL,NULL,NULL,510,8),(498,NULL,NULL,NULL,510,9),(499,NULL,NULL,NULL,510,10),(500,NULL,NULL,NULL,510,11),(501,NULL,NULL,NULL,510,12),(502,NULL,NULL,NULL,510,13),(503,NULL,NULL,NULL,510,14),(504,NULL,NULL,NULL,510,15),(513,NULL,NULL,NULL,536,1),(514,NULL,NULL,NULL,536,2),(515,NULL,NULL,NULL,536,3),(516,NULL,NULL,NULL,536,4),(517,NULL,NULL,NULL,536,5),(518,NULL,NULL,NULL,536,6),(519,NULL,NULL,NULL,536,7),(520,NULL,NULL,NULL,536,8),(521,NULL,NULL,NULL,536,9),(522,NULL,NULL,NULL,536,10),(523,NULL,NULL,NULL,536,11),(524,NULL,NULL,NULL,536,12),(525,NULL,NULL,NULL,536,13),(526,NULL,NULL,NULL,536,14),(527,NULL,NULL,NULL,536,15),(528,NULL,NULL,NULL,537,1),(529,NULL,NULL,NULL,537,2),(530,NULL,NULL,NULL,537,3),(531,NULL,NULL,NULL,537,4),(532,NULL,NULL,NULL,537,5),(533,NULL,NULL,NULL,537,6),(534,NULL,NULL,NULL,537,7),(535,NULL,NULL,NULL,537,8),(536,NULL,NULL,NULL,537,9),(537,NULL,NULL,NULL,537,10),(538,NULL,NULL,NULL,537,11),(539,NULL,NULL,NULL,537,12),(540,NULL,NULL,NULL,537,13),(541,NULL,NULL,NULL,537,14),(542,NULL,NULL,NULL,537,15),(543,NULL,NULL,NULL,538,1),(544,NULL,NULL,NULL,538,2),(545,NULL,NULL,NULL,538,3),(546,NULL,NULL,NULL,538,4),(547,NULL,NULL,NULL,538,5),(548,NULL,NULL,NULL,538,6),(549,NULL,NULL,NULL,538,7),(550,NULL,NULL,NULL,538,8),(551,NULL,NULL,NULL,538,9),(552,NULL,NULL,NULL,538,10),(553,NULL,NULL,NULL,538,11),(554,NULL,NULL,NULL,538,12),(555,NULL,NULL,NULL,538,13),(556,NULL,NULL,NULL,538,14),(557,NULL,NULL,NULL,538,15),(558,NULL,NULL,NULL,539,1),(559,NULL,NULL,NULL,539,2),(560,NULL,NULL,NULL,539,3),(561,NULL,NULL,NULL,539,4),(562,NULL,NULL,NULL,539,5),(563,NULL,NULL,NULL,539,6),(564,NULL,NULL,NULL,539,7),(565,NULL,NULL,NULL,539,8),(566,NULL,NULL,NULL,539,9),(567,NULL,NULL,NULL,539,10),(568,NULL,NULL,NULL,539,11),(569,NULL,NULL,NULL,539,12),(570,NULL,NULL,NULL,539,13),(571,NULL,NULL,NULL,539,14),(572,NULL,NULL,NULL,539,15),(573,NULL,NULL,NULL,540,1),(574,NULL,NULL,NULL,540,2),(575,NULL,NULL,NULL,540,3),(576,NULL,NULL,NULL,540,4),(577,NULL,NULL,NULL,540,5),(578,NULL,NULL,NULL,540,6),(579,NULL,NULL,NULL,540,7),(580,NULL,NULL,NULL,540,8),(581,NULL,NULL,NULL,540,9),(582,NULL,NULL,NULL,540,10),(583,NULL,NULL,NULL,540,11),(584,NULL,NULL,NULL,540,12),(585,NULL,NULL,NULL,540,13),(586,NULL,NULL,NULL,540,14),(587,NULL,NULL,NULL,540,15),(588,NULL,NULL,NULL,541,1),(589,NULL,NULL,NULL,541,2),(590,NULL,NULL,NULL,541,3),(591,NULL,NULL,NULL,541,4),(592,NULL,NULL,NULL,541,5),(593,NULL,NULL,NULL,541,6),(594,NULL,NULL,NULL,541,7),(595,NULL,NULL,NULL,541,8),(596,NULL,NULL,NULL,541,9),(597,NULL,NULL,NULL,541,10),(598,NULL,NULL,NULL,541,11),(599,NULL,NULL,NULL,541,12),(600,NULL,NULL,NULL,541,13),(601,NULL,NULL,NULL,541,14),(602,NULL,NULL,NULL,541,15),(603,NULL,NULL,NULL,542,1),(604,NULL,NULL,NULL,542,2),(605,NULL,NULL,NULL,542,3),(606,NULL,NULL,NULL,542,4),(607,NULL,NULL,NULL,542,5),(608,NULL,NULL,NULL,542,6),(609,NULL,NULL,NULL,542,7),(610,NULL,NULL,NULL,542,8),(611,NULL,NULL,NULL,542,9),(612,NULL,NULL,NULL,542,10),(613,NULL,NULL,NULL,542,11),(614,NULL,NULL,NULL,542,12),(615,NULL,NULL,NULL,542,13),(616,NULL,NULL,NULL,542,14),(617,NULL,NULL,NULL,542,15),(618,NULL,NULL,NULL,543,1),(619,NULL,NULL,NULL,543,2),(620,NULL,NULL,NULL,543,3),(621,NULL,NULL,NULL,543,4),(622,NULL,NULL,NULL,543,5),(623,NULL,NULL,NULL,543,6),(624,NULL,NULL,NULL,543,7),(625,NULL,NULL,NULL,543,8),(626,NULL,NULL,NULL,543,9),(627,NULL,NULL,NULL,543,10),(628,NULL,NULL,NULL,543,11),(629,NULL,NULL,NULL,543,12),(630,NULL,NULL,NULL,543,13),(631,NULL,NULL,NULL,543,14),(632,NULL,NULL,NULL,543,15),(633,NULL,NULL,NULL,544,1),(634,NULL,NULL,NULL,544,2),(635,NULL,NULL,NULL,544,3),(636,NULL,NULL,NULL,544,4),(637,NULL,NULL,NULL,544,5),(638,NULL,NULL,NULL,544,6),(639,NULL,NULL,NULL,544,7),(640,NULL,NULL,NULL,544,8),(641,NULL,NULL,NULL,544,9),(642,NULL,NULL,NULL,544,10),(643,NULL,NULL,NULL,544,11),(644,NULL,NULL,NULL,544,12),(645,NULL,NULL,NULL,544,13),(646,NULL,NULL,NULL,544,14),(647,NULL,NULL,NULL,544,15),(648,NULL,NULL,NULL,545,1),(649,NULL,NULL,NULL,545,2),(650,NULL,NULL,NULL,545,3),(651,NULL,NULL,NULL,545,4),(652,NULL,NULL,NULL,545,5),(653,NULL,NULL,NULL,545,6),(654,NULL,NULL,NULL,545,7),(655,NULL,NULL,NULL,545,8),(656,NULL,NULL,NULL,545,9),(657,NULL,NULL,NULL,545,10),(658,NULL,NULL,NULL,545,11),(659,NULL,NULL,NULL,545,12),(660,NULL,NULL,NULL,545,13),(661,NULL,NULL,NULL,545,14),(662,NULL,NULL,NULL,545,15),(663,NULL,NULL,NULL,546,1),(664,NULL,NULL,NULL,546,2),(665,NULL,NULL,NULL,546,3),(666,NULL,NULL,NULL,546,4),(667,NULL,NULL,NULL,546,5),(668,NULL,NULL,NULL,546,6),(669,NULL,NULL,NULL,546,7),(670,NULL,NULL,NULL,546,8),(671,NULL,NULL,NULL,546,9),(672,NULL,NULL,NULL,546,10),(673,NULL,NULL,NULL,546,11),(674,NULL,NULL,NULL,546,12),(675,NULL,NULL,NULL,546,13),(676,NULL,NULL,NULL,546,14),(677,NULL,NULL,NULL,546,15),(678,NULL,NULL,NULL,547,1),(679,NULL,NULL,NULL,547,2),(680,NULL,NULL,NULL,547,3),(681,NULL,NULL,NULL,547,4),(682,NULL,NULL,NULL,547,5),(683,NULL,NULL,NULL,547,6),(684,NULL,NULL,NULL,547,7),(685,NULL,NULL,NULL,547,8),(686,NULL,NULL,NULL,547,9),(687,NULL,NULL,NULL,547,10),(688,NULL,NULL,NULL,547,11),(689,NULL,NULL,NULL,547,12),(690,NULL,NULL,NULL,547,13),(691,NULL,NULL,NULL,547,14),(692,NULL,NULL,NULL,547,15),(693,NULL,NULL,NULL,548,1),(694,NULL,NULL,NULL,548,2),(695,NULL,NULL,NULL,548,3),(696,NULL,NULL,NULL,548,4),(697,NULL,NULL,NULL,548,5),(698,NULL,NULL,NULL,548,6),(699,NULL,NULL,NULL,548,7),(700,NULL,NULL,NULL,548,8),(701,NULL,NULL,NULL,548,9),(702,NULL,NULL,NULL,548,10),(703,NULL,NULL,NULL,548,11),(704,NULL,NULL,NULL,548,12),(705,NULL,NULL,NULL,548,13),(706,NULL,NULL,NULL,548,14),(707,NULL,NULL,NULL,548,15),(708,NULL,NULL,NULL,549,1),(709,NULL,NULL,NULL,549,2),(710,NULL,NULL,NULL,549,3),(711,NULL,NULL,NULL,549,4),(712,NULL,NULL,NULL,549,5),(713,NULL,NULL,NULL,549,6),(714,NULL,NULL,NULL,549,7),(715,NULL,NULL,NULL,549,8),(716,NULL,NULL,NULL,549,9),(717,NULL,NULL,NULL,549,10),(718,NULL,NULL,NULL,549,11),(719,NULL,NULL,NULL,549,12),(720,NULL,NULL,NULL,549,13),(721,NULL,NULL,NULL,549,14),(722,NULL,NULL,NULL,549,15),(723,NULL,NULL,NULL,550,1),(724,NULL,NULL,NULL,550,2),(725,NULL,NULL,NULL,550,3),(726,NULL,NULL,NULL,550,4),(727,NULL,NULL,NULL,550,5),(728,NULL,NULL,NULL,550,6),(729,NULL,NULL,NULL,550,7),(730,NULL,NULL,NULL,550,8),(731,NULL,NULL,NULL,550,9),(732,NULL,NULL,NULL,550,10),(733,NULL,NULL,NULL,550,11),(734,NULL,NULL,NULL,550,12),(735,NULL,NULL,NULL,550,13),(736,NULL,NULL,NULL,550,14),(737,NULL,NULL,NULL,550,15);
/*!40000 ALTER TABLE `question` ENABLE KEYS */;
UNLOCK TABLES;

--
-- Table structure for table `school`
--

DROP TABLE IF EXISTS `school`;
/*!40101 SET @saved_cs_client     = @@character_set_client */;
/*!40101 SET character_set_client = utf8 */;
CREATE TABLE `school` (
  `id` int(11) NOT NULL AUTO_INCREMENT,
  `name` varchar(255) DEFAULT NULL,
  PRIMARY KEY (`id`)
) ENGINE=InnoDB AUTO_INCREMENT=31 DEFAULT CHARSET=utf8mb4;
/*!40101 SET character_set_client = @saved_cs_client */;

--
-- Dumping data for table `school`
--

LOCK TABLES `school` WRITE;
/*!40000 ALTER TABLE `school` DISABLE KEYS */;
INSERT INTO `school` VALUES (1,'Ecole de commerce'),(25,'MBS'),(26,'Université');
/*!40000 ALTER TABLE `school` ENABLE KEYS */;
UNLOCK TABLES;

--
-- Table structure for table `subcategory`
--

DROP TABLE IF EXISTS `subcategory`;
/*!40101 SET @saved_cs_client     = @@character_set_client */;
/*!40101 SET character_set_client = utf8 */;
CREATE TABLE `subcategory` (
  `id` int(11) NOT NULL AUTO_INCREMENT,
  `name` varchar(255) DEFAULT NULL,
  `id_category` int(11) DEFAULT NULL,
  `down_description` varchar(255) DEFAULT NULL,
  `up_description` varchar(255) DEFAULT NULL,
  `definition` text,
  `ordre` int(11) DEFAULT NULL,
  PRIMARY KEY (`id`),
  KEY `id_category` (`id_category`),
  CONSTRAINT `subcategory_ibfk_1` FOREIGN KEY (`id_category`) REFERENCES `category` (`id`)
) ENGINE=InnoDB AUTO_INCREMENT=28 DEFAULT CHARSET=utf8mb4;
/*!40101 SET character_set_client = @saved_cs_client */;

--
-- Dumping data for table `subcategory`
--

LOCK TABLES `subcategory` WRITE;
/*!40000 ALTER TABLE `subcategory` DISABLE KEYS */;
INSERT INTO `subcategory` VALUES (13,'Transparence',6,'Stratège, calculateur  ','Naturel, spontané ','qualité par laquelle un individu sexprime avec sincérité et engagement',2),(14,'Diplomatie',6,'Sans détour, direct ','Souple, habile','habileté dans les échanges avec les autres, tact',3),(15,'Sociabilité',18,' Réservé, observateur, en retrait','Liant, aimable, relationel','Aptitude à aimer la compagnie d\'autres personnes, à vivre en société, à être agréable.',1),(16,'Tolérance',18,'Valorisation de soi, compétiteur','Bienveillant, acceptation de l autre','attitude qui consiste à respecter les opinions différentes des nôtres et la liberté d\'autrui.',2),(17,'Activité',19,' Posé, maitrisé, prenant du temps ',' Energique, vital, voire hyperactif ','qualité d\'une personne qui agit systématiquement',1),(18,'Esprit d\'entreprise',19,' Progressif, structuré, mesuré',' Décidé, audacieux, fonceur','Volonté ou goût de mettre en œuvre et de réaliser des projets marchands',2),(19,'Créativité',19,'Pensée rationnelle et méthodique','Pensée inventive et latérale','capacité de créer, d\'inventer, dinnover',3),(20,'Réflexion',20,'Immédait dans l\'action, réactif ','Réfléchi, analytique ','faculté de penser. Esprit et entendement, tout ce qui témoigne d\'une activité psychique',1),(21,'Objectivité',20,'Perméable et souple','Factuel et juste en raisonnement ','qualité de quelqu\'un qui est fait preuve dimpartialité et de justesse',3),(22,'Confiance en soi',21,'Doute, versatilité','Assurance, aisance','sentiment d\'assurance en soi-même et de sécurité',1),(23,'Optimisme',21,'Lucide et nuancé','Positif, joyeux, incouciant ','tournure d\'esprit qui tend à faire prendre les choses du bon côté en négligeant leurs aspects défavorables',2),(24,'Sensibilité',21,'Approche Raison','Approche Intuition','caractéristique d\'une personne sensible, qui ressent fortement les émotions',3),(25,'Charisme',6,'Suiveur, participant','Leader, ascendant','prestige, pouvoir de séduction, ascendance qu\'une personne exerce sur les autres',1),(26,'Contrôle de limpulsivité',20,'Immédiat, réactif','Maitrise, non émotionnel','disposition à ne pas agir immédiatement sous ses impulsions',2),(27,'Anticonformisme',18,'Collectif, grégaire','Autonome, indépendant','Capacité à rejeter les normes sociales établies',3);
/*!40000 ALTER TABLE `subcategory` ENABLE KEYS */;
UNLOCK TABLES;

--
-- Table structure for table `test`
--

DROP TABLE IF EXISTS `test`;
/*!40101 SET @saved_cs_client     = @@character_set_client */;
/*!40101 SET character_set_client = utf8 */;
CREATE TABLE `test` (
  `id` int(11) NOT NULL AUTO_INCREMENT,
  `test_subcategories_number` int(11) DEFAULT NULL,
  `name` varchar(255) DEFAULT NULL,
  `password` varchar(255) DEFAULT NULL,
  `activation_date` timestamp NULL DEFAULT NULL,
  `expiration_date` timestamp NULL DEFAULT NULL,
  `duration` varchar(255) DEFAULT NULL,
  PRIMARY KEY (`id`)
) ENGINE=InnoDB AUTO_INCREMENT=171 DEFAULT CHARSET=utf8mb4;
/*!40101 SET character_set_client = @saved_cs_client */;

--
-- Dumping data for table `test`
--

LOCK TABLES `test` WRITE;
/*!40000 ALTER TABLE `test` DISABLE KEYS */;
INSERT INTO `test` VALUES (152,5,'Test PA 8 MBS','123456','2019-05-19 21:00:00','2019-07-10 12:01:58','45'),(167,15,'PA15 ','123456','2019-07-06 08:00:00','2019-09-06 08:00:00','45'),(170,15,'PA15_en','123456','2019-07-06 06:00:00','2019-09-06 06:00:00','45');
/*!40000 ALTER TABLE `test` ENABLE KEYS */;
UNLOCK TABLES;

--
-- Table structure for table `test_category`
--

DROP TABLE IF EXISTS `test_category`;
/*!40101 SET @saved_cs_client     = @@character_set_client */;
/*!40101 SET character_set_client = utf8 */;
CREATE TABLE `test_category` (
  `id` int(11) NOT NULL AUTO_INCREMENT,
  `id_category` int(11) DEFAULT NULL,
  `id_test` int(11) DEFAULT NULL,
  PRIMARY KEY (`id`),
  KEY `id_category` (`id_category`),
  KEY `id_test` (`id_test`),
  CONSTRAINT `test_category_ibfk_1` FOREIGN KEY (`id_category`) REFERENCES `category` (`id`),
  CONSTRAINT `test_category_ibfk_2` FOREIGN KEY (`id_test`) REFERENCES `test` (`id`)
) ENGINE=InnoDB AUTO_INCREMENT=319 DEFAULT CHARSET=utf8mb4;
/*!40101 SET character_set_client = @saved_cs_client */;

--
-- Dumping data for table `test_category`
--

LOCK TABLES `test_category` WRITE;
/*!40000 ALTER TABLE `test_category` DISABLE KEYS */;
INSERT INTO `test_category` VALUES (314,1,152),(315,2,152),(316,3,152),(317,4,152),(318,5,152);
/*!40000 ALTER TABLE `test_category` ENABLE KEYS */;
UNLOCK TABLES;

--
-- Table structure for table `test_clazz`
--

DROP TABLE IF EXISTS `test_clazz`;
/*!40101 SET @saved_cs_client     = @@character_set_client */;
/*!40101 SET character_set_client = utf8 */;
CREATE TABLE `test_clazz` (
  `id` int(11) NOT NULL AUTO_INCREMENT,
  `id_test` int(11) DEFAULT NULL,
  `id_clazz` int(11) DEFAULT NULL,
  PRIMARY KEY (`id`),
  KEY `id_test` (`id_test`),
  KEY `id_clazz` (`id_clazz`),
  CONSTRAINT `test_clazz_ibfk_1` FOREIGN KEY (`id_test`) REFERENCES `test` (`id`),
  CONSTRAINT `test_clazz_ibfk_2` FOREIGN KEY (`id_clazz`) REFERENCES `clazz` (`id`)
) ENGINE=InnoDB AUTO_INCREMENT=5 DEFAULT CHARSET=utf8mb4;
/*!40101 SET character_set_client = @saved_cs_client */;

--
-- Dumping data for table `test_clazz`
--

LOCK TABLES `test_clazz` WRITE;
/*!40000 ALTER TABLE `test_clazz` DISABLE KEYS */;
/*!40000 ALTER TABLE `test_clazz` ENABLE KEYS */;
UNLOCK TABLES;

--
-- Table structure for table `test_member`
--

DROP TABLE IF EXISTS `test_member`;
/*!40101 SET @saved_cs_client     = @@character_set_client */;
/*!40101 SET character_set_client = utf8 */;
CREATE TABLE `test_member` (
  `id` int(11) NOT NULL AUTO_INCREMENT,
  `id_test` int(11) DEFAULT NULL,
  `id_member` int(11) DEFAULT NULL,
  `date_test` timestamp NULL DEFAULT NULL,
  PRIMARY KEY (`id`),
  KEY `id_test` (`id_test`),
  KEY `id_member` (`id_member`),
  CONSTRAINT `test_member_ibfk_1` FOREIGN KEY (`id_test`) REFERENCES `test` (`id`),
  CONSTRAINT `test_member_ibfk_2` FOREIGN KEY (`id_member`) REFERENCES `member` (`id`)
) ENGINE=InnoDB AUTO_INCREMENT=434 DEFAULT CHARSET=utf8mb4;
/*!40101 SET character_set_client = @saved_cs_client */;

--
-- Dumping data for table `test_member`
--

LOCK TABLES `test_member` WRITE;
/*!40000 ALTER TABLE `test_member` DISABLE KEYS */;
INSERT INTO `test_member` VALUES (414,167,231,'2019-08-29 17:15:38'),(415,152,232,'2019-09-03 09:46:30'),(416,152,233,'2019-09-03 10:41:34'),(417,152,234,'2019-09-04 08:13:43'),(418,167,235,'2019-09-04 08:14:41'),(419,167,236,'2019-09-04 09:56:11'),(420,167,237,'2019-09-04 17:14:37'),(421,167,238,'2019-09-04 20:32:46'),(422,167,239,'2019-09-04 20:56:23'),(423,167,240,'2019-09-05 08:44:00'),(424,167,241,'2019-09-09 11:28:41'),(425,167,242,'2019-09-09 12:19:34'),(426,167,243,'2019-09-09 13:22:58'),(427,167,244,'2019-09-09 13:56:11'),(428,167,245,'2019-09-09 13:57:21'),(429,167,246,'2019-09-09 14:20:16'),(430,167,247,'2019-09-09 19:08:29'),(431,167,248,'2019-09-12 12:26:44'),(432,167,249,'2019-09-13 14:42:43'),(433,167,250,'2019-09-13 15:30:42');
/*!40000 ALTER TABLE `test_member` ENABLE KEYS */;
UNLOCK TABLES;

--
-- Table structure for table `test_school`
--

DROP TABLE IF EXISTS `test_school`;
/*!40101 SET @saved_cs_client     = @@character_set_client */;
/*!40101 SET character_set_client = utf8 */;
CREATE TABLE `test_school` (
  `id` int(11) NOT NULL AUTO_INCREMENT,
  `id_test` int(11) DEFAULT NULL,
  `id_school` int(11) DEFAULT NULL,
  PRIMARY KEY (`id`),
  KEY `id_test` (`id_test`),
  KEY `id_school` (`id_school`),
  CONSTRAINT `test_school_ibfk_1` FOREIGN KEY (`id_test`) REFERENCES `test` (`id`),
  CONSTRAINT `test_school_ibfk_2` FOREIGN KEY (`id_school`) REFERENCES `school` (`id`)
) ENGINE=InnoDB AUTO_INCREMENT=2 DEFAULT CHARSET=utf8mb4;
/*!40101 SET character_set_client = @saved_cs_client */;

--
-- Dumping data for table `test_school`
--

LOCK TABLES `test_school` WRITE;
/*!40000 ALTER TABLE `test_school` DISABLE KEYS */;
/*!40000 ALTER TABLE `test_school` ENABLE KEYS */;
UNLOCK TABLES;

--
-- Table structure for table `test_subcategory`
--

DROP TABLE IF EXISTS `test_subcategory`;
/*!40101 SET @saved_cs_client     = @@character_set_client */;
/*!40101 SET character_set_client = utf8 */;
CREATE TABLE `test_subcategory` (
  `id` int(11) NOT NULL AUTO_INCREMENT,
  `id_category` int(11) DEFAULT NULL,
  `id_subcategory` int(11) DEFAULT NULL,
  `id_test` int(11) DEFAULT NULL,
  `questions_number` int(11) DEFAULT NULL,
  `wording` varchar(255) DEFAULT NULL,
  `ordre` int(11) DEFAULT NULL,
  PRIMARY KEY (`id`),
  KEY `id_subcategory` (`id_subcategory`),
  KEY `id_category` (`id_category`),
  KEY `id_test` (`id_test`),
  CONSTRAINT `test_subcategory_ibfk_1` FOREIGN KEY (`id_subcategory`) REFERENCES `subcategory` (`id`),
  CONSTRAINT `test_subcategory_ibfk_2` FOREIGN KEY (`id_category`) REFERENCES `category` (`id`),
  CONSTRAINT `test_subcategory_ibfk_3` FOREIGN KEY (`id_test`) REFERENCES `test` (`id`)
) ENGINE=InnoDB AUTO_INCREMENT=551 DEFAULT CHARSET=utf8mb4;
/*!40101 SET character_set_client = @saved_cs_client */;

--
-- Dumping data for table `test_subcategory`
--

LOCK TABLES `test_subcategory` WRITE;
/*!40000 ALTER TABLE `test_subcategory` DISABLE KEYS */;
INSERT INTO `test_subcategory` VALUES (461,NULL,17,152,NULL,NULL,1),(462,NULL,15,152,NULL,NULL,2),(463,NULL,24,152,NULL,NULL,3),(464,NULL,14,152,NULL,NULL,4),(465,NULL,22,152,NULL,NULL,5),(466,NULL,20,152,NULL,NULL,6),(467,NULL,23,152,NULL,NULL,7),(468,NULL,13,152,NULL,NULL,8),(469,NULL,19,152,NULL,NULL,9),(470,NULL,18,152,NULL,NULL,10),(471,NULL,21,152,NULL,NULL,11),(472,NULL,16,152,NULL,NULL,12),(503,NULL,27,167,NULL,NULL,13),(504,NULL,26,167,NULL,NULL,14),(505,NULL,24,167,NULL,NULL,8),(506,NULL,23,167,NULL,NULL,4),(507,NULL,22,167,NULL,NULL,10),(508,NULL,21,167,NULL,NULL,11),(509,NULL,20,167,NULL,NULL,6),(510,NULL,19,167,NULL,NULL,15),(511,NULL,18,167,NULL,NULL,9),(512,NULL,17,167,NULL,NULL,5),(513,NULL,16,167,NULL,NULL,12),(514,NULL,15,167,NULL,NULL,2),(515,NULL,14,167,NULL,NULL,7),(516,NULL,13,167,NULL,NULL,3),(517,NULL,25,167,NULL,NULL,1),(536,NULL,25,170,NULL,NULL,1),(537,NULL,15,170,NULL,NULL,2),(538,NULL,13,170,NULL,NULL,3),(539,NULL,23,170,NULL,NULL,4),(540,NULL,17,170,NULL,NULL,5),(541,NULL,20,170,NULL,NULL,6),(542,NULL,14,170,NULL,NULL,7),(543,NULL,24,170,NULL,NULL,8),(544,NULL,18,170,NULL,NULL,9),(545,NULL,22,170,NULL,NULL,10),(546,NULL,21,170,NULL,NULL,11),(547,NULL,16,170,NULL,NULL,12),(548,NULL,27,170,NULL,NULL,13),(549,NULL,26,170,NULL,NULL,14),(550,NULL,19,170,NULL,NULL,15);
/*!40000 ALTER TABLE `test_subcategory` ENABLE KEYS */;
UNLOCK TABLES;
/*!40103 SET TIME_ZONE=@OLD_TIME_ZONE */;

/*!40101 SET SQL_MODE=@OLD_SQL_MODE */;
/*!40014 SET FOREIGN_KEY_CHECKS=@OLD_FOREIGN_KEY_CHECKS */;
/*!40014 SET UNIQUE_CHECKS=@OLD_UNIQUE_CHECKS */;
/*!40101 SET CHARACTER_SET_CLIENT=@OLD_CHARACTER_SET_CLIENT */;
/*!40101 SET CHARACTER_SET_RESULTS=@OLD_CHARACTER_SET_RESULTS */;
/*!40101 SET COLLATION_CONNECTION=@OLD_COLLATION_CONNECTION */;
/*!40111 SET SQL_NOTES=@OLD_SQL_NOTES */;

-- Dump completed on 2019-09-14 11:52:22
